mmsi,postime,lat,lon,sog,cog,VesselType,Status,TrackID
210238000.0,2021-09-11 17:45:00,37.207612,-129.805797,13.308333,123.641667,70.0,0.0,0.0
210238000.0,2021-09-11 17:50:00,37.19739,-129.786515,13.3,123.15,70.0,0.0,0.0
210238000.0,2021-09-11 17:55:00,37.18801,-129.76868,13.3,123.7,70.0,0.0,0.0
210238000.0,2021-09-11 18:00:00,37.177798,-129.74975,13.325,124.075001,70.0,0.0,0.0
210238000.0,2021-09-11 18:05:00,37.171685,-129.73851,13.35,123.95,70.0,0.0,0.0
210238000.0,2021-09-11 18:10:00,37.165572,-129.72727,13.375,123.824999,70.0,0.0,0.0
210238000.0,2021-09-11 18:15:00,37.15104,-129.700605,13.4,124.4,70.0,0.0,0.0
210238000.0,2021-09-11 18:20:00,37.14177,-129.68255,13.45,122.3,70.0,0.0,0.0
210238000.0,2021-09-11 18:25:00,37.12679,-129.65146,13.4,120.85,70.0,0.0,0.0
210238000.0,2021-09-11 18:30:00,37.11945,-129.63611,13.4,121.05,70.0,0.0,0.0
210238000.0,2021-09-11 18:35:00,37.110325,-129.617055,13.4,120.75,70.0,0.0,0.0
210238000.0,2021-09-11 18:40:00,37.101685,-129.599025,13.4,120.8,70.0,0.0,0.0
210238000.0,2021-09-11 18:45:00,37.09136,-129.577245,13.4,120.2,70.0,0.0,0.0
210238000.0,2021-09-11 18:50:00,37.081485,-129.55609,13.3,119.9,70.0,0.0,0.0
210238000.0,2021-09-11 18:55:00,37.07409,-129.539975,13.3,120.05,70.0,0.0,0.0
210238000.0,2021-09-11 19:00:00,37.063665,-129.51727,13.2,119.65,70.0,0.0,0.0
210238000.0,2021-09-11 19:05:00,37.055625,-129.49953,13.25,119.6,70.0,0.0,0.0
210238000.0,2021-09-11 19:10:00,37.04699,-129.48039,13.3,119.25,70.0,0.0,0.0
210238000.0,2021-09-11 19:15:00,37.036285,-129.456585,13.3,119.5,70.0,0.0,0.0
210238000.0,2021-09-11 19:20:00,37.02632,-129.434825,13.3,119.6,70.0,0.0,0.0
210238000.0,2021-09-11 19:25:00,37.02055,-129.422515,13.35,120.3,70.0,0.0,0.0
210238000.0,2021-09-11 19:30:00,37.00897,-129.398125,13.4,120.35,70.0,0.0,0.0
210238000.0,2021-09-11 19:35:00,36.99853,-129.376483,13.4,120.833332,70.0,0.0,0.0
210238000.0,2021-09-11 19:40:00,36.99177,-129.362567,13.4,121.066668,70.0,0.0,0.0
210238000.0,2021-09-11 19:45:00,36.98075,-129.340005,13.4,121.1,70.0,0.0,0.0
210238000.0,2021-09-11 19:50:00,36.96982,-129.31744,13.35,120.65,70.0,0.0,0.0
210238000.0,2021-09-11 19:55:00,36.960325,-129.297005,13.4,119.85,70.0,0.0,0.0
210238000.0,2021-09-11 20:00:00,36.953195,-129.281235,13.3,119.95,70.0,0.0,0.0
210238000.0,2021-09-11 20:05:00,36.941755,-129.256825,13.3,120.1,70.0,0.0,0.0
210238000.0,2021-09-11 20:10:00,36.934075,-129.240505,13.3,120.05,70.0,0.0,0.0
210238000.0,2021-09-11 20:15:00,36.923855,-129.21939,13.3,120.95,70.0,0.0,0.0
210238000.0,2021-09-11 20:20:00,36.91423,-129.20007,13.25,121.5,70.0,0.0,0.0
210238000.0,2021-09-11 20:25:00,36.904535,-129.178815,13.25,123.65,70.0,0.0,0.0
210238000.0,2021-09-11 20:30:00,36.893965,-129.158745,13.4,123.3,70.0,0.0,0.0
210238000.0,2021-09-11 20:35:00,36.88365,-129.139175,13.5,122.9,70.0,0.0,0.0
210238000.0,2021-09-11 20:40:00,36.874995,-129.122415,13.55,122.8,70.0,0.0,0.0
210238000.0,2021-09-11 20:45:00,36.862955,-129.09896,13.6,122.2,70.0,0.0,0.0
210238000.0,2021-09-11 20:50:00,36.853525,-129.080415,13.6,122.3,70.0,0.0,0.0
210238000.0,2021-09-11 20:55:00,36.843655,-129.061125,13.6,122.0,70.0,0.0,0.0
210238000.0,2021-09-11 21:00:00,36.828868,-129.03009,13.6,121.425142,70.0,0.0,0.0
210238000.0,2021-09-11 21:05:00,36.822185,-129.01546,13.6,120.65,70.0,0.0,0.0
210238000.0,2021-09-11 21:10:00,36.815502,-129.00083,13.6,119.874858,70.0,0.0,0.0
210238000.0,2021-09-11 21:15:00,36.805635,-128.97905,13.5,119.55,70.0,0.0,0.0
210238000.0,2021-09-11 21:20:00,36.79666,-128.960215,13.55,121.35,70.0,0.0,0.0
210238000.0,2021-09-11 21:25:00,36.785135,-128.93676,13.55,121.15,70.0,0.0,0.0
210238000.0,2021-09-11 21:30:00,36.775995,-128.918055,13.6,121.5,70.0,0.0,0.0
210238000.0,2021-09-11 21:35:00,36.766295,-128.89832,13.6,122.05,70.0,0.0,0.0
210238000.0,2021-09-11 21:40:00,36.756505,-128.87867,13.55,121.75,70.0,0.0,0.0
210238000.0,2021-09-11 21:45:00,36.747105,-128.8598,13.5,121.3,70.0,0.0,0.0
210238000.0,2021-09-11 21:50:00,36.73614,-128.83755,13.55,121.5,70.0,0.0,0.0
210238000.0,2021-09-11 21:55:00,36.72642,-128.81798,13.4,121.4,70.0,0.0,0.0
210238000.0,2021-09-11 22:00:00,36.717255,-128.799435,13.3,121.25,70.0,0.0,0.0
210238000.0,2021-09-11 22:05:00,36.706745,-128.778055,13.35,121.05,70.0,0.0,0.0
210238000.0,2021-09-11 22:10:00,36.697655,-128.75955,13.35,121.35,70.0,0.0,0.0
210238000.0,2021-09-11 22:15:00,36.688605,-128.74121,13.3,121.5,70.0,0.0,0.0
210238000.0,2021-09-11 22:20:00,36.67752,-128.71884,13.4,121.3,70.0,0.0,0.0
210238000.0,2021-09-11 22:25:00,36.66827,-128.70046,13.4,122.1,70.0,0.0,0.0
210238000.0,2021-09-11 22:30:00,36.659105,-128.68199,13.45,121.9,70.0,0.0,0.0
210238000.0,2021-09-11 22:35:00,36.64772,-128.65889,13.4,120.6,70.0,0.0,0.0
210238000.0,2021-09-11 22:40:00,36.63847,-128.63968,13.3,120.8,70.0,0.0,0.0
210238000.0,2021-09-11 22:45:00,36.62943,-128.621245,13.3,121.25,70.0,0.0,0.0
210238000.0,2021-09-11 22:50:00,36.62032,-128.60289,13.45,122.15,70.0,0.0,0.0
210238000.0,2021-09-11 22:55:00,36.608735,-128.579865,13.4,122.0,70.0,0.0,0.0
210238000.0,2021-09-11 23:00:00,36.60009,-128.56281,13.5,121.6,70.0,0.0,0.0
210238000.0,2021-09-11 23:05:00,36.589815,-128.54143,13.5,120.7,70.0,0.0,0.0
210238000.0,2021-09-11 23:10:00,36.58118,-128.52338,13.45,121.3,70.0,0.0,0.0
210238000.0,2021-09-11 23:15:00,36.572,-128.50415,13.35,121.45,70.0,0.0,0.0
210238000.0,2021-09-11 23:20:00,36.561005,-128.481415,13.3,122.15,70.0,0.0,0.0
210238000.0,2021-09-11 23:25:00,36.552155,-128.4635,13.2,121.75,70.0,0.0,0.0
210238000.0,2021-09-11 23:30:00,36.543105,-128.44441,13.2,119.7,70.0,0.0,0.0
210238000.0,2021-09-11 23:35:00,36.532135,-128.42136,13.2,121.3,70.0,0.0,0.0
210238000.0,2021-09-11 23:40:00,36.52331,-128.40313,13.15,121.6,70.0,0.0,0.0
210238000.0,2021-09-11 23:45:00,36.51432,-128.38508,13.1,121.4,70.0,0.0,0.0
210238000.0,2021-09-11 23:50:00,36.505195,-128.36716,13.2,123.25,70.0,0.0,0.0
210238000.0,2021-09-11 23:55:00,36.493315,-128.345205,13.1,124.1,70.0,0.0,0.0
210238000.0,2021-09-12 00:00:00,36.483865,-128.328035,13.1,124.85,70.0,0.0,0.0
210238000.0,2021-09-12 00:05:00,36.47471,-128.310655,13.15,122.1,70.0,0.0,0.0
210238000.0,2021-09-12 00:10:00,36.463485,-128.28894,13.2,123.35,70.0,0.0,0.0
210238000.0,2021-09-12 00:15:00,36.45436,-128.27022,13.1,120.2,70.0,0.0,0.0
210238000.0,2021-09-12 00:20:00,36.445925,-128.252555,13.2,120.35,70.0,0.0,0.0
210238000.0,2021-09-12 00:25:00,36.434775,-128.229455,13.4,120.65,70.0,0.0,0.0
210238000.0,2021-09-12 00:30:00,36.42543,-128.210085,13.7,121.1,70.0,0.0,0.0
210238000.0,2021-09-12 00:35:00,36.416285,-128.19101,13.9,120.35,70.0,0.0,0.0
210238000.0,2021-09-12 00:40:00,36.405515,-128.167975,13.9,119.65,70.0,0.0,0.0
210238000.0,2021-09-12 00:45:00,36.397075,-128.149715,13.8,120.55,70.0,0.0,0.0
210238000.0,2021-09-12 00:50:00,36.38807,-128.131065,13.45,119.35,70.0,0.0,0.0
210238000.0,2021-09-12 00:55:00,36.37719,-128.10734,13.3,119.2,70.0,0.0,0.0
210238000.0,2021-09-12 01:00:00,36.368775,-128.089465,13.3,120.45,70.0,0.0,0.0
210238000.0,2021-09-12 01:05:00,36.35849,-128.067895,13.2,120.4,70.0,0.0,0.0
210238000.0,2021-09-12 01:10:00,36.349885,-128.04953,13.2,118.9,70.0,0.0,0.0
210238000.0,2021-09-12 01:15:00,36.341285,-128.03101,13.3,120.8,70.0,0.0,0.0
210238000.0,2021-09-12 01:20:00,36.331955,-128.011215,13.35,119.95,70.0,0.0,0.0
210238000.0,2021-09-12 01:25:00,36.3209,-127.988225,13.2,120.35,70.0,0.0,0.0
210238000.0,2021-09-12 01:30:00,36.31196,-127.970155,13.2,121.7,70.0,0.0,0.0
210238000.0,2021-09-12 01:35:00,36.303025,-127.952735,13.2,122.9,70.0,0.0,0.0
210238000.0,2021-09-12 01:40:00,36.291245,-127.93038,13.2,123.05,70.0,0.0,0.0
210238000.0,2021-09-12 01:45:00,36.281375,-127.912025,13.3,123.85,70.0,0.0,0.0
210238000.0,2021-09-12 01:50:00,36.27163,-127.89435,13.35,124.35,70.0,0.0,0.0
210238000.0,2021-09-12 01:55:00,36.261505,-127.875945,13.3,124.4,70.0,0.0,0.0
210238000.0,2021-09-12 02:00:00,36.25183,-127.85835,13.25,123.5,70.0,0.0,0.0
210238000.0,2021-09-12 02:05:00,36.240375,-127.835895,13.1,121.4,70.0,0.0,0.0
210238000.0,2021-09-12 02:10:00,36.231075,-127.8171,13.3,120.25,70.0,0.0,0.0
210238000.0,2021-09-12 02:15:00,36.221675,-127.797405,13.55,119.8,70.0,0.0,0.0
210238000.0,2021-09-12 02:20:00,36.21307,-127.77804,13.6,118.15,70.0,0.0,0.0
210238000.0,2021-09-12 02:25:00,36.204765,-127.75859,13.7,118.15,70.0,0.0,0.0
210238000.0,2021-09-12 02:30:00,36.1935,-127.734465,13.6,120.7,70.0,0.0,0.0
210238000.0,2021-09-12 02:35:00,36.184445,-127.715275,13.6,120.85,70.0,0.0,0.0
210238000.0,2021-09-12 02:40:00,36.175155,-127.69583,13.7,120.55,70.0,0.0,0.0
210238000.0,2021-09-12 02:45:00,36.166365,-127.67757,13.7,121.0,70.0,0.0,0.0
210238000.0,2021-09-12 02:50:00,36.154535,-127.653385,13.8,121.4,70.0,0.0,0.0
210238000.0,2021-09-12 02:55:00,36.145415,-127.63527,13.85,122.4,70.0,0.0,0.0
210238000.0,2021-09-12 03:00:00,36.13555,-127.61614,13.85,122.7,70.0,0.0,0.0
210238000.0,2021-09-12 03:05:00,36.123585,-127.593085,13.8,122.6,70.0,0.0,0.0
210238000.0,2021-09-12 03:10:00,36.11421,-127.57495,13.85,122.2,70.0,0.0,0.0
210238000.0,2021-09-12 03:15:00,36.1058,-127.55862,13.9,122.8,70.0,0.0,0.0
210238000.0,2021-09-12 03:20:00,36.09388,-127.53523,13.6,121.65,70.0,0.0,0.0
210238000.0,2021-09-12 03:25:00,36.084935,-127.516955,13.5,120.35,70.0,0.0,0.0
210238000.0,2021-09-12 03:30:00,36.07374,-127.492895,13.45,119.0,70.0,0.0,0.0
210238000.0,2021-09-12 03:35:00,36.06486,-127.473365,13.45,119.05,70.0,0.0,0.0
210238000.0,2021-09-12 03:40:00,36.056175,-127.45456,13.6,119.85,70.0,0.0,0.0
210238000.0,2021-09-12 03:45:00,36.04781,-127.436325,13.6,120.95,70.0,0.0,0.0
210238000.0,2021-09-12 03:50:00,36.0356,-127.41267,13.65,122.85,70.0,0.0,0.0
210238000.0,2021-09-12 03:55:00,36.025645,-127.39545,13.7,130.25,70.0,0.0,0.0
210238000.0,2021-09-12 04:00:00,36.012945,-127.38054,13.75,138.25,70.0,0.0,0.0
210238000.0,2021-09-12 04:05:00,35.996105,-127.362905,13.9,140.6,70.0,0.0,0.0
210238000.0,2021-09-12 04:10:00,35.983025,-127.349965,13.95,141.95,70.0,0.0,0.0
210238000.0,2021-09-12 04:15:00,35.965805,-127.334215,14.0,144.25,70.0,0.0,0.0
210238000.0,2021-09-12 04:20:00,35.948645,-127.3188,14.1,144.25,70.0,0.0,0.0
210238000.0,2021-09-12 04:25:00,35.934615,-127.306185,14.1,143.4,70.0,0.0,0.0
210238000.0,2021-09-12 04:30:00,35.917695,-127.290625,13.95,143.2,70.0,0.0,0.0
210238000.0,2021-09-12 04:35:00,35.904135,-127.27785,13.85,142.35,70.0,0.0,0.0
210238000.0,2021-09-12 04:40:00,35.88962,-127.2644,13.8,143.5,70.0,0.0,0.0
210238000.0,2021-09-12 04:45:00,35.87247,-127.24858,13.6,143.0,70.0,0.0,0.0
210238000.0,2021-09-12 04:50:00,35.858235,-127.23484,13.45,141.7,70.0,0.0,0.0
210238000.0,2021-09-12 04:55:00,35.844895,-127.221875,13.5,141.9,70.0,0.0,0.0
210238000.0,2021-09-12 05:00:00,35.829275,-127.206565,13.45,141.65,70.0,0.0,0.0
210238000.0,2021-09-12 05:05:00,35.8131,-127.190885,13.5,141.55,70.0,0.0,0.0
210238000.0,2021-09-12 05:10:00,35.799425,-127.17742,13.55,141.6,70.0,0.0,0.0
210238000.0,2021-09-12 05:15:00,35.786295,-127.16416,13.55,140.5,70.0,0.0,0.0
210238000.0,2021-09-12 05:20:00,35.769295,-127.14694,13.6,139.5,70.0,0.0,0.0
210238000.0,2021-09-12 05:25:00,35.755715,-127.1329,13.65,139.6,70.0,0.0,0.0
210238000.0,2021-09-12 05:30:00,35.741465,-127.11794,13.7,139.3,70.0,0.0,0.0
210238000.0,2021-09-12 05:35:00,35.727685,-127.103515,13.7,139.55,70.0,0.0,0.0
210238000.0,2021-09-12 05:40:00,35.71365,-127.088825,13.8,139.35,70.0,0.0,0.0
210238000.0,2021-09-12 05:45:00,35.69665,-127.07081,13.8,139.4,70.0,0.0,0.0
210238000.0,2021-09-12 05:50:00,35.68358,-127.056935,13.9,138.9,70.0,0.0,0.0
210238000.0,2021-09-12 05:55:00,35.666905,-127.040495,14.0,145.95,70.0,0.0,0.0
210238000.0,2021-09-12 06:00:00,35.65171,-127.02783,13.9,145.8,70.0,0.0,0.0
210238000.0,2021-09-12 06:05:00,35.63579,-127.01461,13.9,145.5,70.0,0.0,0.0
210238000.0,2021-09-12 06:10:00,35.61793,-126.999775,14.0,146.05,70.0,0.0,0.0
210238000.0,2021-09-12 06:15:00,35.603675,-126.98806,14.0,146.45,70.0,0.0,0.0
210238000.0,2021-09-12 06:20:00,35.58902,-126.975275,14.1,144.05,70.0,0.0,0.0
210238000.0,2021-09-12 06:25:00,35.571175,-126.959075,14.05,143.05,70.0,0.0,0.0
210238000.0,2021-09-12 06:30:00,35.55756,-126.94638,14.1,142.25,70.0,0.0,0.0
210238000.0,2021-09-12 06:35:00,35.539995,-126.9297,14.3,142.35,70.0,0.0,0.0
210238000.0,2021-09-12 06:40:00,35.525245,-126.91568,14.4,141.95,70.0,0.0,0.0
210238000.0,2021-09-12 06:45:00,35.5075,-126.899055,14.5,142.5,70.0,0.0,0.0
210238000.0,2021-09-12 06:50:00,35.493375,-126.885725,14.6,142.5,70.0,0.0,0.0
210238000.0,2021-09-12 06:55:00,35.47566,-126.86905,14.6,142.6,70.0,0.0,0.0
210238000.0,2021-09-12 07:00:00,35.46174,-126.856095,14.65,142.85,70.0,0.0,0.0
210238000.0,2021-09-12 07:05:00,35.44428,-126.839745,14.7,142.35,70.0,0.0,0.0
210238000.0,2021-09-12 07:10:00,35.42667,-126.822755,14.6,141.4,70.0,0.0,0.0
210238000.0,2021-09-12 07:15:00,35.41277,-126.809305,14.7,141.35,70.0,0.0,0.0
210238000.0,2021-09-12 07:20:00,35.39522,-126.792085,14.65,141.65,70.0,0.0,0.0
210238000.0,2021-09-12 07:25:00,35.381205,-126.77831,14.55,141.45,70.0,0.0,0.0
210238000.0,2021-09-12 07:30:00,35.36373,-126.761465,14.5,141.7,70.0,0.0,0.0
210238000.0,2021-09-12 07:35:00,35.34986,-126.748025,14.5,141.3,70.0,0.0,0.0
210238000.0,2021-09-12 07:40:00,35.332595,-126.731145,14.5,141.2,70.0,0.0,0.0
210238000.0,2021-09-12 07:45:00,35.30718,-126.707378,14.42,143.200005,70.0,0.0,0.0
210238000.0,2021-09-12 07:50:00,35.29744,-126.698436,14.44,143.000002,70.0,0.0,0.0
210238000.0,2021-09-12 07:55:00,35.2877,-126.689494,14.46,142.799998,70.0,0.0,0.0
210238000.0,2021-09-12 08:00:00,35.27796,-126.680552,14.48,142.599995,70.0,0.0,0.0
210238000.0,2021-09-12 08:05:00,35.25191,-126.65752,14.4,145.9,70.0,0.0,0.0
210238000.0,2021-09-12 08:10:00,35.23672,-126.64513,14.35,146.15,70.0,0.0,0.0
210238000.0,2021-09-12 08:15:00,35.21837,-126.63007,14.15,146.1,70.0,0.0,0.0
210238000.0,2021-09-12 08:20:00,35.20361,-126.617915,14.3,145.8,70.0,0.0,0.0
210238000.0,2021-09-12 08:25:00,35.1858,-126.602055,14.0,143.35,70.0,0.0,0.0
210238000.0,2021-09-12 08:30:00,35.17193,-126.589665,14.0,143.0,70.0,0.0,0.0
210238000.0,2021-09-12 08:35:00,35.155105,-126.57414,13.95,142.8,70.0,0.0,0.0
210238000.0,2021-09-12 08:40:00,35.138085,-126.558355,14.0,143.75,70.0,0.0,0.0
210238000.0,2021-09-12 08:45:00,35.124425,-126.54586,13.95,143.65,70.0,0.0,0.0
210238000.0,2021-09-12 08:50:00,35.10699,-126.53032,13.85,143.4,70.0,0.0,0.0
210238000.0,2021-09-12 08:55:00,35.09276,-126.51783,13.9,144.45,70.0,0.0,0.0
210238000.0,2021-09-12 09:00:00,35.07715,-126.50413,13.9,144.0,70.0,0.0,0.0
210238000.0,2021-09-12 09:05:00,35.061585,-126.49053,13.85,145.0,70.0,0.0,0.0
210238000.0,2021-09-12 09:10:00,35.04485,-126.475375,13.9,143.0,70.0,0.0,0.0
210238000.0,2021-09-12 09:15:00,35.03163,-126.46322,13.85,143.3,70.0,0.0,0.0
210238000.0,2021-09-12 09:20:00,35.013985,-126.44705,13.7,143.0,70.0,0.0,0.0
210238000.0,2021-09-12 09:25:00,34.99926,-126.4335,13.7,142.75,70.0,0.0,0.0
210238000.0,2021-09-12 09:30:00,34.98551,-126.42042,13.75,141.65,70.0,0.0,0.0
210238000.0,2021-09-12 09:35:00,34.971285,-126.40679,13.7,141.35,70.0,0.0,0.0
210238000.0,2021-09-12 09:40:00,34.95633,-126.39238,13.7,141.6,70.0,0.0,0.0
210238000.0,2021-09-12 09:45:00,34.94104,-126.37782,13.7,142.35,70.0,0.0,0.0
210238000.0,2021-09-12 09:50:00,34.92332,-126.360895,13.6,141.65,70.0,0.0,0.0
210238000.0,2021-09-12 09:55:00,34.909495,-126.347655,13.65,142.3,70.0,0.0,0.0
210238000.0,2021-09-12 10:00:00,34.896165,-126.3352,13.65,142.85,70.0,0.0,0.0
210238000.0,2021-09-12 10:05:00,34.88052,-126.321225,13.65,143.05,70.0,0.0,0.0
210238000.0,2021-09-12 10:10:00,34.865545,-126.308295,13.7,144.95,70.0,0.0,0.0
210238000.0,2021-09-12 10:15:00,34.84793,-126.293205,13.65,143.35,70.0,0.0,0.0
210238000.0,2021-09-12 10:20:00,34.835125,-126.2818,13.6,142.75,70.0,0.0,0.0
210238000.0,2021-09-12 10:25:00,34.81761,-126.265665,13.6,142.85,70.0,0.0,0.0
210238000.0,2021-09-12 10:30:00,34.801945,-126.251345,13.55,143.1,70.0,0.0,0.0
210238000.0,2021-09-12 10:35:00,34.787585,-126.237845,13.55,142.0,70.0,0.0,0.0
210238000.0,2021-09-12 10:40:00,34.77359,-126.22465,13.35,142.5,70.0,0.0,0.0
210238000.0,2021-09-12 10:45:00,34.759465,-126.211655,13.4,142.8,70.0,0.0,0.0
210238000.0,2021-09-12 10:50:00,34.74174,-126.195255,13.55,141.45,70.0,0.0,0.0
210238000.0,2021-09-12 10:55:00,34.728425,-126.182515,13.6,142.55,70.0,0.0,0.0
210238000.0,2021-09-12 11:00:00,34.71468,-126.16973,13.6,142.45,70.0,0.0,0.0
210238000.0,2021-09-12 11:05:00,34.697625,-126.153995,13.55,143.15,70.0,0.0,0.0
210238000.0,2021-09-12 11:10:00,34.6826,-126.14,13.65,141.65,70.0,0.0,0.0
210238000.0,2021-09-12 11:15:00,34.66848,-126.126905,13.6,142.1,70.0,0.0,0.0
210238000.0,2021-09-12 11:20:00,34.65455,-126.11382,13.6,141.35,70.0,0.0,0.0
210238000.0,2021-09-12 11:25:00,34.637175,-126.09764,13.5,142.75,70.0,0.0,0.0
210238000.0,2021-09-12 11:30:00,34.62385,-126.085275,13.35,142.15,70.0,0.0,0.0
210238000.0,2021-09-12 11:35:00,34.610045,-126.07254,13.45,142.3,70.0,0.0,0.0
210238000.0,2021-09-12 11:40:00,34.592435,-126.0566,13.55,142.8,70.0,0.0,0.0
210238000.0,2021-09-12 11:45:00,34.577345,-126.042855,13.65,142.75,70.0,0.0,0.0
210238000.0,2021-09-12 11:50:00,34.56327,-126.029745,13.65,141.95,70.0,0.0,0.0
210238000.0,2021-09-12 11:55:00,34.54974,-126.01665,13.45,140.85,70.0,0.0,0.0
210238000.0,2021-09-12 12:00:00,34.535835,-126.00321,13.45,142.3,70.0,0.0,0.0
210238000.0,2021-09-12 12:05:00,34.51846,-125.98717,13.25,143.25,70.0,0.0,0.0
210238000.0,2021-09-12 12:10:00,34.504705,-125.974705,13.2,142.95,70.0,0.0,0.0
210238000.0,2021-09-12 12:15:00,34.49132,-125.96261,13.1,143.9,70.0,0.0,0.0
210238000.0,2021-09-12 12:20:00,34.474925,-125.94766,13.0,143.1,70.0,0.0,0.0
210238000.0,2021-09-12 12:25:00,34.46166,-125.935275,13.0,142.15,70.0,0.0,0.0
210238000.0,2021-09-12 12:30:00,34.448285,-125.922775,12.95,142.6,70.0,0.0,0.0
210238000.0,2021-09-12 12:35:00,34.434565,-125.910025,13.0,142.85,70.0,0.0,0.0
210238000.0,2021-09-12 12:40:00,34.41771,-125.89476,13.05,144.15,70.0,0.0,0.0
210238000.0,2021-09-12 12:45:00,34.404065,-125.8826,13.0,143.15,70.0,0.0,0.0
210238000.0,2021-09-12 12:50:00,34.390365,-125.87059,12.95,144.75,70.0,0.0,0.0
210238000.0,2021-09-12 12:55:00,34.373465,-125.85585,12.8,144.55,70.0,0.0,0.0
210238000.0,2021-09-12 13:00:00,34.361065,-125.84485,12.75,143.75,70.0,0.0,0.0
210238000.0,2021-09-12 13:05:00,34.34472,-125.83018,12.9,142.8,70.0,0.0,0.0
210238000.0,2021-09-12 13:10:00,34.331255,-125.81796,12.95,142.15,70.0,0.0,0.0
210238000.0,2021-09-12 13:15:00,34.31758,-125.804955,12.9,141.25,70.0,0.0,0.0
210238000.0,2021-09-12 13:20:00,34.30443,-125.79215,13.0,141.2,70.0,0.0,0.0
210238000.0,2021-09-12 13:25:00,34.28897,-125.77707,12.95,141.35,70.0,0.0,0.0
210238000.0,2021-09-12 13:30:00,34.276015,-125.764265,12.9,141.2,70.0,0.0,0.0
210238000.0,2021-09-12 13:35:00,34.263105,-125.75163,12.9,141.7,70.0,0.0,0.0
210238000.0,2021-09-12 13:40:00,34.246945,-125.73619,12.9,142.0,70.0,0.0,0.0
210238000.0,2021-09-12 13:45:00,34.23385,-125.72449,12.7,144.25,70.0,0.0,0.0
210238000.0,2021-09-12 13:50:00,34.22032,-125.712925,12.65,145.15,70.0,0.0,0.0
210238000.0,2021-09-12 13:55:00,34.20402,-125.698825,12.65,144.75,70.0,0.0,0.0
210238000.0,2021-09-12 14:00:00,34.191465,-125.68748,12.55,142.45,70.0,0.0,0.0
210238000.0,2021-09-12 14:05:00,34.175335,-125.67271,12.4,142.6,70.0,0.0,0.0
210238000.0,2021-09-12 14:10:00,34.16296,-125.66123,12.4,141.85,70.0,0.0,0.0
210238000.0,2021-09-12 14:15:00,34.149065,-125.648565,12.6,142.85,70.0,0.0,0.0
210238000.0,2021-09-12 14:20:00,34.13609,-125.636565,12.6,141.7,70.0,0.0,0.0
210238000.0,2021-09-12 14:25:00,34.12043,-125.621705,12.55,142.25,70.0,0.0,0.0
210238000.0,2021-09-12 14:30:00,34.107915,-125.60961,12.55,141.15,70.0,0.0,0.0
210238000.0,2021-09-12 14:35:00,34.09539,-125.59722,12.5,140.8,70.0,0.0,0.0
210238000.0,2021-09-12 14:40:00,34.58338,-126.047345,13.2,142.6,70.0,0.0,0.0
210238000.0,2021-09-12 14:45:00,34.06836,-125.570265,12.6,140.8,70.0,0.0,0.0
210238000.0,2021-09-12 14:50:00,34.05381,-125.55608,12.65,143.75,70.0,0.0,0.0
210238000.0,2021-09-12 14:55:00,34.03808,-125.54218,12.666667,144.966662,70.0,0.0,0.0
210238000.0,2021-09-12 15:00:00,34.03163,-125.53649,12.633333,145.333338,70.0,0.0,0.0
210238000.0,2021-09-12 15:05:00,34.010295,-125.51773,12.6,144.2,70.0,0.0,0.0
210238000.0,2021-09-12 15:10:00,33.997175,-125.50632,12.75,144.6,70.0,0.0,0.0
210238000.0,2021-09-12 15:15:00,33.9836,-125.494175,12.7,142.75,70.0,0.0,0.0
210238000.0,2021-09-12 15:20:00,33.96983,-125.481965,12.7,143.3,70.0,0.0,0.0
210238000.0,2021-09-12 15:25:00,33.953335,-125.467,12.75,143.65,70.0,0.0,0.0
210238000.0,2021-09-12 15:30:00,33.93915,-125.454155,12.7,142.5,70.0,0.0,0.0
210238000.0,2021-09-12 15:35:00,33.925905,-125.44211,12.85,142.8,70.0,0.0,0.0
210238000.0,2021-09-12 15:40:00,33.906637,-125.424722,12.916667,142.866667,70.0,0.0,0.0
210238000.0,2021-09-12 15:45:00,33.895703,-125.414913,12.933333,142.833333,70.0,0.0,0.0
210238000.0,2021-09-12 15:50:00,33.88477,-125.405105,12.95,142.8,70.0,0.0,0.0
210238000.0,2021-09-12 15:55:00,33.873837,-125.395297,12.966667,142.766667,70.0,0.0,0.0
210238000.0,2021-09-12 16:00:00,33.862903,-125.385488,12.983333,142.733333,70.0,0.0,0.0
210238000.0,2021-09-12 16:05:00,33.840265,-125.365045,12.8,142.75,70.0,0.0,0.0
210238000.0,2021-09-12 16:10:00,33.8238,-125.349925,12.9,142.15,70.0,0.0,0.0
210238000.0,2021-09-12 16:15:00,33.81015,-125.33737,12.7,142.75,70.0,0.0,0.0
210238000.0,2021-09-12 16:20:00,33.797525,-125.32565,12.7,141.9,70.0,0.0,0.0
210238000.0,2021-09-12 16:25:00,33.784355,-125.31344,12.7,142.45,70.0,0.0,0.0
210238000.0,2021-09-12 16:30:00,33.76802,-125.298285,12.7,142.3,70.0,0.0,0.0
210238000.0,2021-09-12 16:35:00,33.75477,-125.28602,12.5,142.05,70.0,0.0,0.0
210238000.0,2021-09-12 16:40:00,33.741645,-125.2738,12.65,142.25,70.0,0.0,0.0
210238000.0,2021-09-12 16:45:00,33.72827,-125.261295,12.6,141.7,70.0,0.0,0.0
210238000.0,2021-09-12 16:50:00,33.714875,-125.24859,12.7,143.15,70.0,0.0,0.0
210238000.0,2021-09-12 16:55:00,33.697905,-125.233495,12.6,143.95,70.0,0.0,0.0
210238000.0,2021-09-12 17:00:00,33.68555,-125.22284,12.65,143.9,70.0,0.0,0.0
210238000.0,2021-09-12 17:05:00,33.670225,-125.209605,12.7,145.1,70.0,0.0,0.0
210238000.0,2021-09-12 17:10:00,33.65698,-125.198045,12.5,144.0,70.0,0.0,0.0
210238000.0,2021-09-12 17:15:00,33.64075,-125.183705,12.65,143.6,70.0,0.0,0.0
210238000.0,2021-09-12 17:20:00,33.627315,-125.171705,12.6,143.5,70.0,0.0,0.0
210238000.0,2021-09-12 17:25:00,33.613995,-125.159915,12.75,143.1,70.0,0.0,0.0
210238000.0,2021-09-12 17:30:00,33.599245,-125.14682,12.8,143.0,70.0,0.0,0.0
210238000.0,2021-09-12 17:35:00,33.58589,-125.13491,12.85,143.35,70.0,0.0,0.0
210238000.0,2021-09-12 17:40:00,33.56974,-125.120395,12.85,143.25,70.0,0.0,0.0
210238000.0,2021-09-12 17:45:00,33.556495,-125.108405,12.8,143.35,70.0,0.0,0.0
210238000.0,2021-09-12 17:50:00,33.542715,-125.0959,12.75,142.7,70.0,0.0,0.0
210238000.0,2021-09-12 17:55:00,33.529475,-125.08381,12.85,142.15,70.0,0.0,0.0
210238000.0,2021-09-12 18:00:00,33.51567,-125.071265,12.75,142.55,70.0,0.0,0.0
210238000.0,2021-09-12 18:05:00,33.49952,-125.05666,12.8,142.9,70.0,0.0,0.0
210238000.0,2021-09-12 18:10:00,33.486145,-125.044665,12.95,142.55,70.0,0.0,0.0
210238000.0,2021-09-12 18:15:00,33.47223,-125.032125,12.95,143.25,70.0,0.0,0.0
210238000.0,2021-09-12 18:20:00,33.454935,-125.01697,13.0,144.45,70.0,0.0,0.0
210238000.0,2021-09-12 18:25:00,33.440805,-125.00478,13.25,143.8,70.0,0.0,0.0
210238000.0,2021-09-12 18:30:00,33.426415,-124.99249,13.15,144.1,70.0,0.0,0.0
210238000.0,2021-09-12 18:35:00,33.412195,-124.980285,13.25,144.25,70.0,0.0,0.0
210238000.0,2021-09-12 18:40:00,33.39785,-124.96818,13.25,144.85,70.0,0.0,0.0
210238000.0,2021-09-12 18:45:00,33.38058,-124.953585,13.3,143.95,70.0,0.0,0.0
210238000.0,2021-09-12 18:50:00,33.366185,-124.94124,13.5,144.45,70.0,0.0,0.0
210238000.0,2021-09-12 18:55:00,33.35169,-124.92871,13.55,143.5,70.0,0.0,0.0
210238000.0,2021-09-12 19:00:00,33.334495,-124.91325,13.65,140.2,70.0,0.0,0.0
210238000.0,2021-09-12 19:05:00,33.320555,-124.89979,13.75,140.75,70.0,0.0,0.0
210238000.0,2021-09-12 19:10:00,33.306195,-124.88598,13.7,141.6,70.0,0.0,0.0
210238000.0,2021-09-12 19:15:00,33.29223,-124.872645,13.85,140.85,70.0,0.0,0.0
210238000.0,2021-09-12 19:20:00,33.27551,-124.856315,13.95,140.35,70.0,0.0,0.0
210238000.0,2021-09-12 19:25:00,33.2624,-124.8433,13.95,139.6,70.0,0.0,0.0
210238000.0,2021-09-12 19:30:00,33.246055,-124.82712,14.05,140.5,70.0,0.0,0.0
210238000.0,2021-09-12 19:35:00,33.23293,-124.813895,14.3,140.05,70.0,0.0,0.0
210238000.0,2021-09-12 19:40:00,33.216295,-124.7977,14.3,140.75,70.0,0.0,0.0
210238000.0,2021-09-12 19:45:00,33.198935,-124.78165,14.3,143.2,70.0,0.0,0.0
210238000.0,2021-09-12 19:50:00,33.18527,-124.76949,14.1,143.35,70.0,0.0,0.0
210238000.0,2021-09-12 19:55:00,33.16773,-124.754195,14.15,144.0,70.0,0.0,0.0
210238000.0,2021-09-12 20:00:00,33.15399,-124.742075,14.1,143.15,70.0,0.0,0.0
210238000.0,2021-09-12 20:05:00,33.1368,-124.72677,14.15,143.05,70.0,0.0,0.0
210238000.0,2021-09-12 20:10:00,33.11909,-124.711195,14.25,143.9,70.0,0.0,0.0
210238000.0,2021-09-12 20:15:00,33.10501,-124.698655,14.15,142.85,70.0,0.0,0.0
210238000.0,2021-09-12 20:20:00,33.09097,-124.686065,14.1,143.4,70.0,0.0,0.0
210238000.0,2021-09-12 20:25:00,33.073295,-124.67013,14.2,143.4,70.0,0.0,0.0
210238000.0,2021-09-12 20:30:00,33.05908,-124.6575,14.05,143.55,70.0,0.0,0.0
210238000.0,2021-09-12 20:35:00,33.041375,-124.64187,14.1,143.4,70.0,0.0,0.0
210238000.0,2021-09-12 20:40:00,33.026625,-124.62883,14.0,143.5,70.0,0.0,0.0
210238000.0,2021-09-12 20:45:00,33.00962,-124.6139,14.0,143.55,70.0,0.0,0.0
210238000.0,2021-09-12 20:50:00,32.995635,-124.601775,14.15,143.8,70.0,0.0,0.0
210238000.0,2021-09-12 20:55:00,32.977505,-124.58609,14.4,144.1,70.0,0.0,0.0
210238000.0,2021-09-12 21:00:00,32.96387,-124.574035,14.35,142.0,70.0,0.0,0.0
210238000.0,2021-09-12 21:05:00,32.946915,-124.558625,14.3,142.8,70.0,0.0,0.0
210238000.0,2021-09-12 21:10:00,32.932455,-124.54553,14.4,142.85,70.0,0.0,0.0
210238000.0,2021-09-12 21:15:00,32.915155,-124.52985,14.35,143.0,70.0,0.0,0.0
210238000.0,2021-09-12 21:20:00,32.897825,-124.513855,14.35,142.05,70.0,0.0,0.0
210238000.0,2021-09-12 21:25:00,32.883425,-124.50011,14.5,141.3,70.0,0.0,0.0
210238000.0,2021-09-12 21:30:00,32.86635,-124.4835,14.55,140.0,70.0,0.0,0.0
210238000.0,2021-09-12 21:35:00,32.85229,-124.469995,14.45,142.6,70.0,0.0,0.0
210238000.0,2021-09-12 21:40:00,32.834925,-124.45394,14.25,142.3,70.0,0.0,0.0
210238000.0,2021-09-12 21:45:00,32.820875,-124.440865,14.25,142.8,70.0,0.0,0.0
210238000.0,2021-09-12 21:50:00,32.803745,-124.4259,14.3,143.45,70.0,0.0,0.0
210238000.0,2021-09-12 21:55:00,32.79006,-124.414015,14.1,143.4,70.0,0.0,0.0
210238000.0,2021-09-12 22:00:00,32.77406,-124.39969,14.1,143.15,70.0,0.0,0.0
210238000.0,2021-09-12 22:05:00,32.7576,-124.38513,13.95,143.45,70.0,0.0,0.0
210238000.0,2021-09-12 22:10:00,32.740405,-124.370215,13.95,143.65,70.0,0.0,0.0
210238000.0,2021-09-12 22:15:00,32.726865,-124.358305,13.8,142.6,70.0,0.0,0.0
210238000.0,2021-09-12 22:20:00,32.709895,-124.34287,13.75,142.45,70.0,0.0,0.0
210238000.0,2021-09-12 22:25:00,32.696295,-124.330365,13.7,142.0,70.0,0.0,0.0
210238000.0,2021-09-12 22:30:00,32.680655,-124.31599,13.75,142.7,70.0,0.0,0.0
210238000.0,2021-09-12 22:35:00,32.66684,-124.303635,13.75,143.1,70.0,0.0,0.0
210238000.0,2021-09-12 22:40:00,32.650855,-124.289385,13.8,142.5,70.0,0.0,0.0
210238000.0,2021-09-12 22:45:00,32.63615,-124.27592,13.85,142.15,70.0,0.0,0.0
210238000.0,2021-09-12 22:50:00,32.619125,-124.26017,13.8,141.9,70.0,0.0,0.0
210238000.0,2021-09-12 22:55:00,32.60588,-124.247815,13.9,141.85,70.0,0.0,0.0
210238000.0,2021-09-12 23:00:00,32.589975,-124.23322,13.8,143.5,70.0,0.0,0.0
210238000.0,2021-09-12 23:05:00,32.57374,-124.219215,13.85,144.05,70.0,0.0,0.0
210238000.0,2021-09-12 23:10:00,32.559735,-124.20717,13.85,143.8,70.0,0.0,0.0
210238000.0,2021-09-12 23:15:00,32.54117,-124.19129,13.85,144.65,70.0,0.0,0.0
210238000.0,2021-09-12 23:20:00,32.527565,-124.17967,13.8,144.2,70.0,0.0,0.0
210238000.0,2021-09-12 23:25:00,32.513045,-124.167225,13.8,144.0,70.0,0.0,0.0
210238000.0,2021-09-12 23:30:00,32.49599,-124.152215,13.8,141.25,70.0,0.0,0.0
210238000.0,2021-09-12 23:35:00,32.47993,-124.13681,13.85,141.05,70.0,0.0,0.0
210238000.0,2021-09-12 23:40:00,32.466815,-124.124235,13.9,140.3,70.0,0.0,0.0
210238000.0,2021-09-12 23:45:00,32.450505,-124.10858,14.0,140.95,70.0,0.0,0.0
210238000.0,2021-09-12 23:50:00,32.4355,-124.09413,14.0,140.8,70.0,0.0,0.0
210238000.0,2021-09-12 23:55:00,32.420325,-124.079995,13.95,144.15,70.0,0.0,0.0
210238000.0,2021-09-13 00:00:00,32.40448,-124.06632,14.0,143.9,70.0,0.0,0.0
210238000.0,2021-09-13 00:05:00,32.380408,-124.04526,13.892308,143.469246,70.0,0.0,0.0
210238000.0,2021-09-13 00:10:00,32.366977,-124.03335,13.884615,143.338484,70.0,0.0,0.0
210238000.0,2021-09-13 00:15:00,32.353545,-124.02144,13.876923,143.207716,70.0,0.0,0.0
210238000.0,2021-09-13 00:20:00,32.340114,-124.00953,13.869231,143.076944,70.0,0.0,0.0
210238000.0,2021-09-13 00:25:00,32.326682,-123.99762,13.861538,142.946167,70.0,0.0,0.0
210238000.0,2021-09-13 00:30:00,32.313251,-123.98571,13.853846,142.815389,70.0,0.0,0.0
210238000.0,2021-09-13 00:35:00,32.299819,-123.9738,13.846154,142.684611,70.0,0.0,0.0
210238000.0,2021-09-13 00:40:00,32.286388,-123.96189,13.838462,142.553833,70.0,0.0,0.0
210238000.0,2021-09-13 00:45:00,32.272956,-123.94998,13.830769,142.423056,70.0,0.0,0.0
210238000.0,2021-09-13 00:50:00,32.259525,-123.93807,13.823077,142.292284,70.0,0.0,0.0
210238000.0,2021-09-13 00:55:00,32.246093,-123.92616,13.815385,142.161516,70.0,0.0,0.0
210238000.0,2021-09-13 01:00:00,32.232662,-123.91425,13.807692,142.030754,70.0,0.0,0.0
210238000.0,2021-09-13 01:05:00,32.203315,-123.88762,13.75,141.4,70.0,0.0,0.0
210238000.0,2021-09-13 01:10:00,32.190185,-123.875455,13.8,141.95,70.0,0.0,0.0
210238000.0,2021-09-13 01:15:00,32.17265,-123.859175,13.7,141.45,70.0,0.0,0.0
210238000.0,2021-09-13 01:20:00,32.15912,-123.846585,13.7,141.7,70.0,0.0,0.0
210238000.0,2021-09-13 01:25:00,32.14523,-123.833945,14.0,142.3,70.0,0.0,0.0
210238000.0,2021-09-13 01:30:00,32.12869,-123.818795,13.9,142.05,70.0,0.0,0.0
210238000.0,2021-09-13 01:35:00,32.111625,-123.803005,13.75,141.65,70.0,0.0,0.0
210238000.0,2021-09-13 01:40:00,32.097745,-123.790525,13.8,143.35,70.0,0.0,0.0
210238000.0,2021-09-13 01:45:00,32.08381,-123.77836,13.85,142.8,70.0,0.0,0.0
210238000.0,2021-09-13 01:50:00,32.06882,-123.765245,13.85,143.7,70.0,0.0,0.0
210238000.0,2021-09-13 01:55:00,32.051575,-123.750315,13.7,143.5,70.0,0.0,0.0
210238000.0,2021-09-13 02:00:00,32.0377,-123.738395,13.75,144.0,70.0,0.0,0.0
210238000.0,2021-09-13 02:05:00,32.020695,-123.72381,13.75,143.95,70.0,0.0,0.0
210238000.0,2021-09-13 02:10:00,32.006325,-123.711705,13.7,144.45,70.0,0.0,0.0
210238000.0,2021-09-13 02:15:00,31.988775,-123.696905,13.65,144.3,70.0,0.0,0.0
210238000.0,2021-09-13 02:20:00,31.97481,-123.685125,13.75,144.2,70.0,0.0,0.0
210238000.0,2021-09-13 02:25:00,31.953051,-123.665934,13.711111,143.644455,70.0,0.0,0.0
210238000.0,2021-09-13 02:30:00,31.940332,-123.654519,13.722222,143.488902,70.0,0.0,0.0
210238000.0,2021-09-13 02:35:00,31.927613,-123.643103,13.733333,143.333344,70.0,0.0,0.0
210238000.0,2021-09-13 02:40:00,31.914894,-123.631688,13.744444,143.177782,70.0,0.0,0.0
210238000.0,2021-09-13 02:45:00,31.902176,-123.620272,13.755556,143.022218,70.0,0.0,0.0
210238000.0,2021-09-13 02:50:00,31.889457,-123.608857,13.766667,142.866656,70.0,0.0,0.0
210238000.0,2021-09-13 02:55:00,31.876738,-123.597441,13.777778,142.711098,70.0,0.0,0.0
210238000.0,2021-09-13 03:00:00,31.864019,-123.586026,13.788889,142.555545,70.0,0.0,0.0
210238000.0,2021-09-13 03:05:00,31.836405,-123.56106,13.8,142.85,70.0,0.0,0.0
210238000.0,2021-09-13 03:10:00,31.814392,-123.541244,13.608333,142.724989,70.0,0.0,0.0
210238000.0,2021-09-13 03:15:00,31.801163,-123.529378,13.616667,142.849984,70.0,0.0,0.0
210238000.0,2021-09-13 03:20:00,31.787935,-123.517513,13.625,142.974984,70.0,0.0,0.0
210238000.0,2021-09-13 03:25:00,31.774707,-123.505647,13.633333,143.099987,70.0,0.0,0.0
210238000.0,2021-09-13 03:30:00,31.761478,-123.493781,13.641667,143.224993,70.0,0.0,0.0
210238000.0,2021-09-13 03:35:00,31.74825,-123.481915,13.65,143.35,70.0,0.0,0.0
210238000.0,2021-09-13 03:40:00,31.735022,-123.470049,13.658333,143.475007,70.0,0.0,0.0
210238000.0,2021-09-13 03:45:00,31.721793,-123.458183,13.666667,143.600013,70.0,0.0,0.0
210238000.0,2021-09-13 03:50:00,31.708565,-123.446317,13.675,143.725016,70.0,0.0,0.0
210238000.0,2021-09-13 03:55:00,31.695337,-123.434452,13.683333,143.850016,70.0,0.0,0.0
210238000.0,2021-09-13 04:00:00,31.682108,-123.422586,13.691667,143.975011,70.0,0.0,0.0
210238000.0,2021-09-13 04:05:00,31.65271,-123.397275,13.85,145.25,70.0,0.0,0.0
210238000.0,2021-09-13 04:10:00,31.63863,-123.385715,13.65,145.2,70.0,0.0,0.0
210238000.0,2021-09-13 04:15:00,31.623195,-123.373135,13.8,145.3,70.0,0.0,0.0
210238000.0,2021-09-13 04:20:00,31.605545,-123.35835,13.65,143.5,70.0,0.0,0.0
210238000.0,2021-09-13 04:25:00,31.59194,-123.346115,13.7,141.85,70.0,0.0,0.0
210238000.0,2021-09-13 04:30:00,31.578155,-123.33354,13.75,141.95,70.0,0.0,0.0
210238000.0,2021-09-13 04:35:00,31.56038,-123.317575,13.8,142.55,70.0,0.0,0.0
210238000.0,2021-09-13 04:40:00,31.546,-123.30433,13.8,141.3,70.0,0.0,0.0
210238000.0,2021-09-13 04:45:00,31.53254,-123.291785,13.75,141.25,70.0,0.0,0.0
210238000.0,2021-09-13 04:50:00,31.51618,-123.276195,13.95,141.15,70.0,0.0,0.0
210238000.0,2021-09-13 04:55:00,31.50303,-123.26373,13.85,141.05,70.0,0.0,0.0
210238000.0,2021-09-13 05:00:00,31.487545,-123.249165,13.9,141.6,70.0,0.0,0.0
210238000.0,2021-09-13 05:05:00,31.567793,-123.320246,13.9,141.359936,70.0,0.0,0.0
210238000.0,2021-09-13 05:10:00,31.659266,-123.401852,13.9,141.619914,70.0,0.0,0.0
210238000.0,2021-09-13 05:15:00,31.750739,-123.483458,13.9,141.879925,70.0,0.0,0.0
210238000.0,2021-09-13 05:20:00,31.842212,-123.565064,13.9,142.139957,70.0,0.0,0.0
210238000.0,2021-09-13 05:25:00,31.933685,-123.64667,13.9,142.4,70.0,0.0,0.0
210238000.0,2021-09-13 05:30:00,32.025158,-123.728276,13.9,142.660043,70.0,0.0,0.0
210238000.0,2021-09-13 05:35:00,32.116631,-123.809882,13.9,142.920075,70.0,0.0,0.0
210238000.0,2021-09-13 05:40:00,32.208104,-123.891488,13.9,143.180086,70.0,0.0,0.0
210238000.0,2021-09-13 05:45:00,32.299577,-123.973094,13.9,143.440064,70.0,0.0,0.0
210238000.0,2021-09-13 05:50:00,32.383255,-124.04787,13.9,143.65,70.0,0.0,0.0
210238000.0,2021-09-13 05:55:00,32.016283,-123.722357,13.933333,143.400001,70.0,0.0,0.0
210238000.0,2021-09-13 06:00:00,31.657107,-123.403673,13.966667,143.199999,70.0,0.0,0.0
210238000.0,2021-09-13 06:05:00,31.28192,-123.07122,14.25,143.7,70.0,0.0,0.0
210238000.0,2021-09-13 06:10:00,31.26497,-123.05614,14.25,142.25,70.0,0.0,0.0
210238000.0,2021-09-13 06:15:00,31.25102,-123.04357,14.45,141.85,70.0,0.0,0.0
210238000.0,2021-09-13 06:20:00,31.234385,-123.027765,14.2,140.85,70.0,0.0,0.0
210238000.0,2021-09-13 06:25:00,31.22101,-123.014955,14.05,140.35,70.0,0.0,0.0
210238000.0,2021-09-13 06:30:00,31.20441,-122.99901,14.0,140.85,70.0,0.0,0.0
210238000.0,2021-09-13 06:35:00,31.191015,-122.9864,14.05,140.7,70.0,0.0,0.0
210238000.0,2021-09-13 06:40:00,31.173835,-122.970265,14.1,143.0,70.0,0.0,0.0
210238000.0,2021-09-13 06:45:00,31.16025,-122.95824,14.0,142.65,70.0,0.0,0.0
210238000.0,2021-09-13 06:50:00,31.14327,-122.94308,14.15,142.5,70.0,0.0,0.0
210238000.0,2021-09-13 06:55:00,31.12635,-122.927925,14.05,142.35,70.0,0.0,0.0
210238000.0,2021-09-13 07:00:00,31.11312,-122.916225,14.1,142.8,70.0,0.0,0.0
210238000.0,2021-09-13 07:05:00,31.096405,-122.90154,14.25,142.75,70.0,0.0,0.0
210238000.0,2021-09-13 07:10:00,31.07926,-122.886585,14.2,143.45,70.0,0.0,0.0
210238000.0,2021-09-13 07:15:00,31.063125,-122.872475,14.15,143.55,70.0,0.0,0.0
210238000.0,2021-09-13 07:20:00,31.04897,-122.860535,14.3,143.8,70.0,0.0,0.0
210238000.0,2021-09-13 07:25:00,31.031795,-122.84604,13.95,144.1,70.0,0.0,0.0
210238000.0,2021-09-13 07:30:00,31.01779,-122.83421,14.1,144.65,70.0,0.0,0.0
210238000.0,2021-09-13 07:35:00,31.00059,-122.81971,14.1,144.05,70.0,0.0,0.0
210238000.0,2021-09-13 07:40:00,30.983555,-122.805315,14.0,143.85,70.0,0.0,0.0
210238000.0,2021-09-13 07:45:00,30.969775,-122.793705,14.1,144.15,70.0,0.0,0.0
210238000.0,2021-09-13 07:50:00,30.95268,-122.7794,13.85,144.3,70.0,0.0,0.0
210238000.0,2021-09-13 07:55:00,30.938785,-122.766955,13.8,141.75,70.0,0.0,0.0
210238000.0,2021-09-13 08:00:00,30.92284,-122.75227,13.8,141.45,70.0,0.0,0.0
210238000.0,2021-09-13 08:05:00,30.906345,-122.736955,13.85,141.2,70.0,0.0,0.0
210238000.0,2021-09-13 08:10:00,30.89138,-122.722935,13.75,141.15,70.0,0.0,0.0
210238000.0,2021-09-13 08:15:00,30.87691,-122.709495,13.75,142.15,70.0,0.0,0.0
210238000.0,2021-09-13 08:20:00,30.862955,-122.696845,13.45,141.65,70.0,0.0,0.0
210238000.0,2021-09-13 08:25:00,30.849045,-122.6841,13.7,141.55,70.0,0.0,0.0
210238000.0,2021-09-13 08:30:00,30.831685,-122.66809,13.55,141.3,70.0,0.0,0.0
210238000.0,2021-09-13 08:35:00,30.81844,-122.65587,13.45,142.5,70.0,0.0,0.0
210238000.0,2021-09-13 08:40:00,30.804575,-122.64344,13.4,142.2,70.0,0.0,0.0
210238000.0,2021-09-13 08:45:00,30.7875,-122.627875,13.4,142.15,70.0,0.0,0.0
210238000.0,2021-09-13 08:50:00,30.77375,-122.615275,13.5,142.8,70.0,0.0,0.0
210238000.0,2021-09-13 08:55:00,30.75973,-122.603085,13.6,143.2,70.0,0.0,0.0
210238000.0,2021-09-13 09:00:00,30.74565,-122.59071,13.65,142.6,70.0,0.0,0.0
210238000.0,2021-09-13 09:05:00,30.72802,-122.57507,13.7,142.15,70.0,0.0,0.0
210238000.0,2021-09-13 09:10:00,30.71337,-122.562075,13.65,142.8,70.0,0.0,0.0
210238000.0,2021-09-13 09:15:00,30.69939,-122.54998,13.7,143.5,70.0,0.0,0.0
210238000.0,2021-09-13 09:20:00,30.68291,-122.536005,13.55,143.6,70.0,0.0,0.0
210238000.0,2021-09-13 09:25:00,30.668065,-122.52338,13.6,144.55,70.0,0.0,0.0
210238000.0,2021-09-13 09:30:00,30.65407,-122.511575,13.5,143.85,70.0,0.0,0.0
210238000.0,2021-09-13 09:35:00,30.63904,-122.499005,13.6,143.95,70.0,0.0,0.0
210238000.0,2021-09-13 09:40:00,30.62132,-122.48376,13.35,143.75,70.0,0.0,0.0
210238000.0,2021-09-13 09:45:00,30.607625,-122.47201,13.2,143.1,70.0,0.0,0.0
210238000.0,2021-09-13 09:50:00,30.594125,-122.46032,13.2,142.35,70.0,0.0,0.0
210238000.0,2021-09-13 09:55:00,30.57752,-122.44564,13.25,142.6,70.0,0.0,0.0
210238000.0,2021-09-13 10:00:00,30.564245,-122.433935,13.2,142.0,70.0,0.0,0.0
210238000.0,2021-09-13 10:05:00,30.54805,-122.419695,13.3,142.7,70.0,0.0,0.0
210238000.0,2021-09-13 10:10:00,30.53522,-122.408425,13.3,142.7,70.0,0.0,0.0
210238000.0,2021-09-13 10:15:00,30.520835,-122.395805,13.45,142.15,70.0,0.0,0.0
210238000.0,2021-09-13 10:20:00,30.503385,-122.38044,13.5,143.2,70.0,0.0,0.0
210238000.0,2021-09-13 10:25:00,30.489035,-122.36799,13.6,142.55,70.0,0.0,0.0
210238000.0,2021-09-13 10:30:00,30.475285,-122.35541,13.6,141.05,70.0,0.0,0.0
210238000.0,2021-09-13 10:35:00,30.459715,-122.34087,13.7,140.8,70.0,0.0,0.0
210238000.0,2021-09-13 10:40:00,30.444725,-122.326685,13.65,140.4,70.0,0.0,0.0
210238000.0,2021-09-13 10:45:00,30.430895,-122.313585,13.8,140.55,70.0,0.0,0.0
210238000.0,2021-09-13 10:50:00,30.414055,-122.297655,13.9,140.85,70.0,0.0,0.0
210238000.0,2021-09-13 10:55:00,30.400735,-122.284895,13.7,140.4,70.0,0.0,0.0
210238000.0,2021-09-13 11:00:00,30.386575,-122.271725,13.75,142.85,70.0,0.0,0.0
210238000.0,2021-09-13 11:05:00,30.368975,-122.25654,13.9,144.2,70.0,0.0,0.0
210238000.0,2021-09-13 11:10:00,30.355275,-122.24482,13.9,143.35,70.0,0.0,0.0
210238000.0,2021-09-13 11:15:00,30.329964,-122.218627,13.781818,142.153831,70.0,0.0,0.0
210238000.0,2021-09-13 11:20:00,30.319607,-122.205185,13.763636,140.59727,70.0,0.0,0.0
210238000.0,2021-09-13 11:25:00,30.309251,-122.191742,13.745455,139.032528,70.0,0.0,0.0
210238000.0,2021-09-13 11:30:00,30.298895,-122.178299,13.727273,137.46189,70.0,0.0,0.0
210238000.0,2021-09-13 11:35:00,30.288538,-122.164856,13.709091,135.887693,70.0,0.0,0.0
210238000.0,2021-09-13 11:40:00,30.278182,-122.151414,13.690909,134.312307,70.0,0.0,0.0
210238000.0,2021-09-13 11:45:00,30.267825,-122.137971,13.672727,132.73811,70.0,0.0,0.0
210238000.0,2021-09-13 11:50:00,30.257469,-122.124528,13.654545,131.167472,70.0,0.0,0.0
210238000.0,2021-09-13 11:55:00,30.247113,-122.111085,13.636364,129.60273,70.0,0.0,0.0
210238000.0,2021-09-13 12:00:00,30.236756,-122.097643,13.618182,128.046169,70.0,0.0,0.0
210238000.0,2021-09-13 12:05:00,30.214545,-122.065745,13.6,127.15,70.0,0.0,0.0
210238000.0,2021-09-13 12:10:00,30.20441,-122.049975,13.65,126.05,70.0,0.0,0.0
210238000.0,2021-09-13 12:15:00,30.193865,-122.03361,13.6,126.1,70.0,0.0,0.0
210238000.0,2021-09-13 12:20:00,30.18064,-122.01311,13.65,126.7,70.0,0.0,0.0
210238000.0,2021-09-13 12:25:00,30.17027,-121.99675,13.45,126.4,70.0,0.0,0.0
210238000.0,2021-09-13 12:30:00,30.160015,-121.98049,13.3,126.0,70.0,0.0,0.0
210238000.0,2021-09-13 12:35:00,30.147055,-121.96025,13.45,125.95,70.0,0.0,0.0
210238000.0,2021-09-13 12:40:00,30.13668,-121.94395,13.5,125.55,70.0,0.0,0.0
210238000.0,2021-09-13 12:45:00,30.126525,-121.92764,13.4,126.05,70.0,0.0,0.0
210238000.0,2021-09-13 12:50:00,30.11652,-121.911315,13.3,125.1,70.0,0.0,0.0
210238000.0,2021-09-13 12:55:00,30.10417,-121.890965,13.25,125.1,70.0,0.0,0.0
210238000.0,2021-09-13 13:00:00,30.09426,-121.87464,13.25,124.85,70.0,0.0,0.0
210238000.0,2021-09-13 13:05:00,30.08292,-121.856,13.35,125.35,70.0,0.0,0.0
210238000.0,2021-09-13 13:10:00,30.073385,-121.84011,13.3,125.25,70.0,0.0,0.0
210238000.0,2021-09-13 13:15:00,30.061495,-121.82049,13.5,125.25,70.0,0.0,0.0
210238000.0,2021-09-13 13:20:00,30.05159,-121.80433,13.5,124.5,70.0,0.0,0.0
210238000.0,2021-09-13 13:25:00,30.041395,-121.787875,13.4,125.05,70.0,0.0,0.0
210238000.0,2021-09-13 13:30:00,30.02854,-121.76721,13.7,125.65,70.0,0.0,0.0
210238000.0,2021-09-13 13:35:00,30.018105,-121.750585,13.75,125.4,70.0,0.0,0.0
210238000.0,2021-09-13 13:40:00,30.007865,-121.733775,13.75,125.0,70.0,0.0,0.0
210238000.0,2021-09-13 13:45:00,29.997745,-121.716955,13.7,125.1,70.0,0.0,0.0
210238000.0,2021-09-13 13:50:00,29.985725,-121.697165,13.7,124.9,70.0,0.0,0.0
210238000.0,2021-09-13 13:55:00,29.97516,-121.679665,13.7,124.2,70.0,0.0,0.0
210238000.0,2021-09-13 14:00:00,29.963925,-121.66083,13.65,124.7,70.0,0.0,0.0
210238000.0,2021-09-13 14:05:00,29.95196,-121.641015,13.7,124.45,70.0,0.0,0.0
210238000.0,2021-09-13 14:10:00,29.94221,-121.62463,13.7,124.05,70.0,0.0,0.0
210238000.0,2021-09-13 14:15:00,29.93224,-121.60757,13.8,123.8,70.0,0.0,0.0
210238000.0,2021-09-13 14:20:00,29.920115,-121.586735,13.8,123.65,70.0,0.0,0.0
210238000.0,2021-09-13 14:25:00,29.910555,-121.570205,13.65,123.85,70.0,0.0,0.0
210238000.0,2021-09-13 14:30:00,29.900605,-121.553315,13.65,124.4,70.0,0.0,0.0
210238000.0,2021-09-13 14:35:00,29.8881,-121.53234,13.65,124.4,70.0,0.0,0.0
210238000.0,2021-09-13 14:40:00,29.87799,-121.515645,13.5,124.45,70.0,0.0,0.0
210238000.0,2021-09-13 14:45:00,29.86779,-121.499105,13.5,125.45,70.0,0.0,0.0
210238000.0,2021-09-13 14:50:00,29.85507,-121.478785,13.5,125.85,70.0,0.0,0.0
210238000.0,2021-09-13 14:55:00,29.844615,-121.462195,13.4,125.95,70.0,0.0,0.0
210238000.0,2021-09-13 15:00:00,29.83474,-121.446605,13.35,126.5,70.0,0.0,0.0
210238000.0,2021-09-13 15:05:00,29.822425,-121.42732,13.3,126.1,70.0,0.0,0.0
210238000.0,2021-09-13 15:10:00,29.812225,-121.411205,13.25,126.65,70.0,0.0,0.0
210238000.0,2021-09-13 15:15:00,29.80151,-121.393865,13.35,125.55,70.0,0.0,0.0
210238000.0,2021-09-13 15:20:00,29.791795,-121.378275,13.25,125.7,70.0,0.0,0.0
210238000.0,2021-09-13 15:25:00,29.779115,-121.357985,13.4,125.75,70.0,0.0,0.0
210238000.0,2021-09-13 15:30:00,29.76894,-121.341695,13.4,125.85,70.0,0.0,0.0
210238000.0,2021-09-13 15:35:00,29.758435,-121.324725,13.45,124.75,70.0,0.0,0.0
210238000.0,2021-09-13 15:40:00,29.748395,-121.30806,13.5,124.95,70.0,0.0,0.0
210238000.0,2021-09-13 15:45:00,29.73592,-121.28741,13.45,124.35,70.0,0.0,0.0
210238000.0,2021-09-13 15:50:00,29.72594,-121.270935,13.35,125.65,70.0,0.0,0.0
210238000.0,2021-09-13 15:55:00,29.715795,-121.25466,13.45,125.85,70.0,0.0,0.0
210238000.0,2021-09-13 16:00:00,29.704135,-121.2359,13.6,125.35,70.0,0.0,0.0
210238000.0,2021-09-13 16:05:00,29.6925,-121.217,13.45,124.85,70.0,0.0,0.0
210238000.0,2021-09-13 16:10:00,29.68284,-121.20118,13.4,125.3,70.0,0.0,0.0
210238000.0,2021-09-13 16:15:00,29.670855,-121.181595,13.55,125.4,70.0,0.0,0.0
210238000.0,2021-09-13 16:20:00,29.66088,-121.165345,13.55,125.05,70.0,0.0,0.0
210238000.0,2021-09-13 16:25:00,29.650795,-121.14889,13.4,124.95,70.0,0.0,0.0
210238000.0,2021-09-13 16:30:00,29.63813,-121.128385,13.4,125.4,70.0,0.0,0.0
210238000.0,2021-09-13 16:35:00,29.628085,-121.111975,13.4,125.5,70.0,0.0,0.0
210238000.0,2021-09-13 16:40:00,29.618395,-121.09614,13.35,125.2,70.0,0.0,0.0
210238000.0,2021-09-13 16:45:00,29.60621,-121.076325,13.35,125.15,70.0,0.0,0.0
210238000.0,2021-09-13 16:50:00,29.59661,-121.060675,13.3,125.35,70.0,0.0,0.0
210238000.0,2021-09-13 16:55:00,29.58673,-121.04432,13.25,124.35,70.0,0.0,0.0
210238000.0,2021-09-13 17:00:00,29.575485,-121.02578,13.2,125.35,70.0,0.0,0.0
210238000.0,2021-09-13 17:05:00,29.563945,-121.00664,13.2,124.25,70.0,0.0,0.0
210238000.0,2021-09-13 17:10:00,29.554175,-120.99044,13.25,124.75,70.0,0.0,0.0
210238000.0,2021-09-13 17:15:00,29.544345,-120.97423,13.3,125.15,70.0,0.0,0.0
210238000.0,2021-09-13 17:20:00,29.531805,-120.95393,13.4,124.95,70.0,0.0,0.0
210238000.0,2021-09-13 17:25:00,29.521675,-120.93751,13.45,125.25,70.0,0.0,0.0
210238000.0,2021-09-13 17:30:00,29.511595,-120.92126,13.4,125.2,70.0,0.0,0.0
210238000.0,2021-09-13 17:35:00,29.50143,-120.90497,13.45,125.6,70.0,0.0,0.0
210238000.0,2021-09-13 17:40:00,29.48938,-120.885725,13.4,125.35,70.0,0.0,0.0
210238000.0,2021-09-13 17:45:00,29.479756,-120.87006,13.38,125.000001,70.0,0.0,0.0
210238000.0,2021-09-13 17:50:00,29.471422,-120.85647,13.36,124.9,70.0,0.0,0.0
210238000.0,2021-09-13 17:55:00,29.463088,-120.84288,13.34,124.8,70.0,0.0,0.0
210238000.0,2021-09-13 18:00:00,29.454754,-120.82929,13.32,124.699999,70.0,0.0,0.0
210238000.0,2021-09-13 18:05:00,29.43556,-120.79803,13.35,124.75,70.0,0.0,0.0
210238000.0,2021-09-13 18:10:00,29.425825,-120.78218,13.35,125.05,70.0,0.0,0.0
210238000.0,2021-09-13 18:15:00,29.413755,-120.76242,13.35,125.15,70.0,0.0,0.0
210238000.0,2021-09-13 18:20:00,29.403795,-120.74615,13.3,125.3,70.0,0.0,0.0
210238000.0,2021-09-13 18:25:00,29.3937,-120.73,13.35,125.1,70.0,0.0,0.0
210238000.0,2021-09-13 18:30:00,29.381075,-120.709715,13.4,125.6,70.0,0.0,0.0
210238000.0,2021-09-13 18:35:00,29.371105,-120.693415,13.4,124.9,70.0,0.0,0.0
210238000.0,2021-09-13 18:40:00,29.361695,-120.67793,13.4,124.4,70.0,0.0,0.0
210238000.0,2021-09-13 18:45:00,29.34942,-120.65804,13.4,125.2,70.0,0.0,0.0
210238000.0,2021-09-13 18:50:00,29.339405,-120.6419,13.6,124.85,70.0,0.0,0.0
210238000.0,2021-09-13 18:55:00,29.327355,-120.62214,13.65,124.7,70.0,0.0,0.0
210238000.0,2021-09-13 19:00:00,29.31814,-120.606975,13.65,124.65,70.0,0.0,0.0
210238000.0,2021-09-13 19:05:00,29.306335,-120.587445,13.5,124.3,70.0,0.0,0.0
210238000.0,2021-09-13 19:10:00,29.296305,-120.57077,13.55,124.35,70.0,0.0,0.0
210238000.0,2021-09-13 19:15:00,29.284285,-120.55076,13.55,124.2,70.0,0.0,0.0
210238000.0,2021-09-13 19:20:00,29.274725,-120.534795,13.55,124.5,70.0,0.0,0.0
210238000.0,2021-09-13 19:25:00,29.26481,-120.51909,13.4,128.35,70.0,0.0,0.0
210238000.0,2021-09-13 19:30:00,29.2514,-120.499445,13.5,128.5,70.0,0.0,0.0
210238000.0,2021-09-13 19:35:00,29.24067,-120.48357,13.4,127.45,70.0,0.0,0.0
210238000.0,2021-09-13 19:40:00,29.22999,-120.46768,13.6,127.15,70.0,0.0,0.0
210238000.0,2021-09-13 19:45:00,29.21681,-120.447605,13.5,124.1,70.0,0.0,0.0
210238000.0,2021-09-13 19:50:00,29.20733,-120.431715,13.4,124.2,70.0,0.0,0.0
210238000.0,2021-09-13 19:55:00,29.197495,-120.41525,13.4,125.1,70.0,0.0,0.0
210238000.0,2021-09-13 20:00:00,29.185765,-120.39679,13.4,126.2,70.0,0.0,0.0
210238000.0,2021-09-13 20:05:00,29.173855,-120.378465,13.4,126.05,70.0,0.0,0.0
210238000.0,2021-09-13 20:10:00,29.16429,-120.363585,13.35,125.95,70.0,0.0,0.0
210238000.0,2021-09-13 20:15:00,29.15136,-120.34359,13.3,126.9,70.0,0.0,0.0
210238000.0,2021-09-13 20:20:00,29.14099,-120.32764,13.35,126.7,70.0,0.0,0.0
210238000.0,2021-09-13 20:25:00,29.13083,-120.31223,13.6,126.75,70.0,0.0,0.0
210238000.0,2021-09-13 20:30:00,29.117785,-120.291965,13.55,125.6,70.0,0.0,0.0
210238000.0,2021-09-13 20:35:00,29.10791,-120.2762,13.4,123.95,70.0,0.0,0.0
210238000.0,2021-09-13 20:40:00,29.09848,-120.26011,13.5,123.8,70.0,0.0,0.0
210238000.0,2021-09-13 20:45:00,29.08564,-120.2387,13.55,124.35,70.0,0.0,0.0
210238000.0,2021-09-13 20:50:00,29.07605,-120.22251,13.75,123.95,70.0,0.0,0.0
210238000.0,2021-09-13 20:55:00,29.06636,-120.206245,13.8,124.35,70.0,0.0,0.0
210238000.0,2021-09-13 21:00:00,29.05511,-120.187155,13.7,123.75,70.0,0.0,0.0
210238000.0,2021-09-13 21:05:00,29.04388,-120.16881,13.8,125.9,70.0,0.0,0.0
210238000.0,2021-09-13 21:10:00,29.03102,-120.14852,13.8,125.8,70.0,0.0,0.0
210238000.0,2021-09-13 21:15:00,29.021005,-120.13289,13.85,125.85,70.0,0.0,0.0
210238000.0,2021-09-13 21:20:00,29.00857,-120.113475,13.95,126.05,70.0,0.0,0.0
210238000.0,2021-09-13 21:25:00,28.99882,-120.098415,13.75,126.65,70.0,0.0,0.0
210238000.0,2021-09-13 21:30:00,28.986025,-120.078775,13.8,127.0,70.0,0.0,0.0
210238000.0,2021-09-13 21:35:00,28.97362,-120.059865,13.85,127.35,70.0,0.0,0.0
210238000.0,2021-09-13 21:40:00,28.96317,-120.043815,13.8,125.25,70.0,0.0,0.0
210238000.0,2021-09-13 21:45:00,28.952945,-120.0271,13.85,124.45,70.0,0.0,0.0
210238000.0,2021-09-13 21:50:00,28.940185,-120.006065,13.75,124.4,70.0,0.0,0.0
210238000.0,2021-09-13 21:55:00,28.930175,-119.9892,13.7,124.55,70.0,0.0,0.0
210238000.0,2021-09-13 22:00:00,28.920595,-119.973305,13.75,124.2,70.0,0.0,0.0
210238000.0,2021-09-13 22:05:00,28.90853,-119.953275,13.7,124.5,70.0,0.0,0.0
210238000.0,2021-09-13 22:10:00,28.898395,-119.936495,13.75,124.8,70.0,0.0,0.0
210238000.0,2021-09-13 22:15:00,28.886155,-119.916145,13.7,123.65,70.0,0.0,0.0
210238000.0,2021-09-13 22:20:00,28.87655,-119.89988,13.8,126.35,70.0,0.0,0.0
210238000.0,2021-09-13 22:25:00,28.86586,-119.88352,13.75,125.75,70.0,0.0,0.0
210238000.0,2021-09-13 22:30:00,28.85259,-119.862975,13.8,126.6,70.0,0.0,0.0
210238000.0,2021-09-13 22:35:00,28.84194,-119.846495,13.85,126.0,70.0,0.0,0.0
210238000.0,2021-09-13 22:40:00,28.831735,-119.83077,13.9,125.7,70.0,0.0,0.0
210238000.0,2021-09-13 22:45:00,28.81931,-119.8112,14.0,126.25,70.0,0.0,0.0
210238000.0,2021-09-13 22:50:00,28.80961,-119.79556,13.95,124.6,70.0,0.0,0.0
210238000.0,2021-09-13 22:55:00,28.79744,-119.77559,13.9,125.05,70.0,0.0,0.0
210238000.0,2021-09-13 23:00:00,28.78619,-119.75728,14.0,124.4,70.0,0.0,0.0
210238000.0,2021-09-13 23:05:00,28.77563,-119.740005,14.0,124.6,70.0,0.0,0.0
210238000.0,2021-09-13 23:10:00,28.766015,-119.7243,13.95,125.1,70.0,0.0,0.0
210238000.0,2021-09-13 23:15:00,28.7534,-119.70361,13.9,124.75,70.0,0.0,0.0
210238000.0,2021-09-13 23:20:00,28.741205,-119.684225,13.9,125.4,70.0,0.0,0.0
210238000.0,2021-09-13 23:25:00,28.731215,-119.668445,14.05,126.2,70.0,0.0,0.0
210238000.0,2021-09-13 23:30:00,28.720915,-119.65228,13.95,125.2,70.0,0.0,0.0
210238000.0,2021-09-13 23:35:00,28.70722,-119.630625,13.85,125.45,70.0,0.0,0.0
210238000.0,2021-09-13 23:40:00,28.69686,-119.614295,13.9,125.9,70.0,0.0,0.0
210238000.0,2021-09-13 23:45:00,29.08542,-120.237895,13.65,125.85,70.0,0.0,0.0
210238000.0,2021-09-13 23:50:00,28.673825,-119.577695,14.0,125.25,70.0,0.0,0.0
210238000.0,2021-09-13 23:55:00,28.662865,-119.56019,14.1,125.55,70.0,0.0,0.0
210238000.0,2021-09-14 00:00:00,28.6507,-119.54055,14.0,125.5,70.0,0.0,0.0
210238000.0,2021-09-14 00:05:00,28.639425,-119.522625,13.85,125.4,70.0,0.0,0.0
210238000.0,2021-09-14 00:10:00,28.62813,-119.50446,13.8,124.6,70.0,0.0,0.0
210238000.0,2021-09-14 00:15:00,28.617415,-119.48733,13.85,125.6,70.0,0.0,0.0
210238000.0,2021-09-14 00:20:00,28.60711,-119.470925,13.65,125.3,70.0,0.0,0.0
210238000.0,2021-09-14 00:25:00,28.594295,-119.45011,13.7,124.6,70.0,0.0,0.0
210238000.0,2021-09-14 00:30:00,28.584105,-119.43357,13.75,124.8,70.0,0.0,0.0
210238000.0,2021-09-14 00:35:00,28.572025,-119.413935,13.7,124.85,70.0,0.0,0.0
210238000.0,2021-09-14 00:40:00,28.56232,-119.397935,13.65,124.4,70.0,0.0,0.0
210238000.0,2021-09-14 00:45:00,28.55253,-119.381895,13.75,124.9,70.0,0.0,0.0
210238000.0,2021-09-14 00:50:00,28.539975,-119.36148,13.7,124.85,70.0,0.0,0.0
210238000.0,2021-09-14 00:55:00,28.52971,-119.34458,13.55,124.9,70.0,0.0,0.0
210238000.0,2021-09-14 01:00:00,28.519725,-119.32856,13.6,125.35,70.0,0.0,0.0
210238000.0,2021-09-14 01:05:00,28.50751,-119.30939,13.5,126.45,70.0,0.0,0.0
210238000.0,2021-09-14 01:10:00,28.497305,-119.29363,13.5,126.65,70.0,0.0,0.0
210238000.0,2021-09-14 01:15:00,28.485035,-119.274315,13.4,125.3,70.0,0.0,0.0
210238000.0,2021-09-14 01:20:00,28.475105,-119.258355,13.5,125.55,70.0,0.0,0.0
210238000.0,2021-09-14 01:25:00,28.462915,-119.238645,13.45,124.9,70.0,0.0,0.0
210238000.0,2021-09-14 01:30:00,28.45317,-119.222925,13.4,124.85,70.0,0.0,0.0
210238000.0,2021-09-14 01:35:00,28.443345,-119.207035,13.4,125.15,70.0,0.0,0.0
210238000.0,2021-09-14 01:40:00,28.430915,-119.18707,13.45,124.85,70.0,0.0,0.0
210238000.0,2021-09-14 01:45:00,28.42083,-119.170795,13.6,125.25,70.0,0.0,0.0
210238000.0,2021-09-14 01:50:00,28.41109,-119.15514,13.45,124.6,70.0,0.0,0.0
210238000.0,2021-09-14 01:55:00,28.39876,-119.1353,13.6,125.45,70.0,0.0,0.0
210238000.0,2021-09-14 02:00:00,28.38908,-119.119745,13.65,124.95,70.0,0.0,0.0
210238000.0,2021-09-14 02:05:00,28.37651,-119.09991,13.75,125.15,70.0,0.0,0.0
210238000.0,2021-09-14 02:10:00,28.366775,-119.0844,13.55,125.5,70.0,0.0,0.0
210238000.0,2021-09-14 02:15:00,28.35441,-119.064815,13.7,125.95,70.0,0.0,0.0
210238000.0,2021-09-14 02:20:00,28.34427,-119.04879,13.55,125.6,70.0,0.0,0.0
210238000.0,2021-09-14 02:25:00,28.33187,-119.029135,13.45,125.2,70.0,0.0,0.0
210238000.0,2021-09-14 02:30:00,28.32166,-119.012955,13.5,125.95,70.0,0.0,0.0
210238000.0,2021-09-14 02:35:00,28.311305,-118.99677,13.4,125.85,70.0,0.0,0.0
210238000.0,2021-09-14 02:40:00,28.301065,-118.98077,13.45,125.9,70.0,0.0,0.0
210238000.0,2021-09-14 02:45:00,28.288185,-118.96108,13.55,126.75,70.0,0.0,0.0
210238000.0,2021-09-14 02:50:00,28.278475,-118.94627,13.5,127.1,70.0,0.0,0.0
210238000.0,2021-09-14 02:55:00,28.26624,-118.927705,13.4,126.25,70.0,0.0,0.0
210238000.0,2021-09-14 03:00:00,28.259965,-118.917995,13.5,126.4,70.0,0.0,0.0
210238000.0,2021-09-14 03:05:00,28.243455,-118.892905,13.55,126.45,70.0,0.0,0.0
210238000.0,2021-09-14 03:10:00,28.23293,-118.876875,13.65,126.2,70.0,0.0,0.0
210238000.0,2021-09-14 03:15:00,28.22265,-118.860715,13.55,125.5,70.0,0.0,0.0
210238000.0,2021-09-14 03:20:00,28.21082,-118.84196,13.65,125.25,70.0,0.0,0.0
210238000.0,2021-09-14 03:25:00,28.19878,-118.82271,13.7,125.6,70.0,0.0,0.0
210238000.0,2021-09-14 03:30:00,28.18893,-118.807525,13.65,126.45,70.0,0.0,0.0
210238000.0,2021-09-14 03:35:00,28.17627,-118.78789,13.6,125.8,70.0,0.0,0.0
210238000.0,2021-09-14 03:40:00,28.16637,-118.7723,13.45,125.3,70.0,0.0,0.0
210238000.0,2021-09-14 03:45:00,28.156345,-118.756785,13.6,125.75,70.0,0.0,0.0
210238000.0,2021-09-14 03:50:00,28.14367,-118.73634,13.6,123.9,70.0,0.0,0.0
210238000.0,2021-09-14 03:55:00,28.13376,-118.71975,13.6,124.55,70.0,0.0,0.0
210238000.0,2021-09-14 04:00:00,28.123925,-118.70373,13.5,124.3,70.0,0.0,0.0
210238000.0,2021-09-14 04:05:00,28.11262,-118.683575,13.45,121.65,70.0,0.0,0.0
210238000.0,2021-09-14 04:10:00,28.104065,-118.667485,13.55,121.3,70.0,0.0,0.0
210238000.0,2021-09-14 04:15:00,28.09295,-118.647335,13.45,123.15,70.0,0.0,0.0
210238000.0,2021-09-14 04:20:00,28.083155,-118.6307,13.6,123.55,70.0,0.0,0.0
210238000.0,2021-09-14 04:25:00,28.07339,-118.61413,13.5,124.05,70.0,0.0,0.0
210238000.0,2021-09-14 04:30:00,28.06094,-118.59428,13.45,124.85,70.0,0.0,0.0
210238000.0,2021-09-14 04:35:00,28.05123,-118.578505,13.2,124.3,70.0,0.0,0.0
210238000.0,2021-09-14 04:40:00,28.039585,-118.5597,13.15,124.4,70.0,0.0,0.0
210238000.0,2021-09-14 04:45:00,28.030135,-118.54431,13.2,124.9,70.0,0.0,0.0
210238000.0,2021-09-14 04:50:00,28.02035,-118.52855,13.2,124.7,70.0,0.0,0.0
210238000.0,2021-09-14 04:55:00,28.008645,-118.509795,13.2,125.55,70.0,0.0,0.0
210238000.0,2021-09-14 05:00:00,27.999195,-118.49443,13.25,125.5,70.0,0.0,0.0
210238000.0,2021-09-14 05:05:00,27.98733,-118.474855,13.3,123.95,70.0,0.0,0.0
210238000.0,2021-09-14 05:10:00,27.977465,-118.458675,13.3,124.8,70.0,0.0,0.0
210238000.0,2021-09-14 05:15:00,27.96774,-118.442565,13.25,123.6,70.0,0.0,0.0
210238000.0,2021-09-14 05:20:00,27.95661,-118.423855,13.25,124.05,70.0,0.0,0.0
210238000.0,2021-09-14 05:25:00,27.94457,-118.404745,13.3,126.55,70.0,0.0,0.0
210238000.0,2021-09-14 05:30:00,27.93462,-118.38973,13.4,126.75,70.0,0.0,0.0
210238000.0,2021-09-14 05:35:00,27.92425,-118.37426,13.5,126.8,70.0,0.0,0.0
210238000.0,2021-09-14 05:40:00,27.91117,-118.35491,13.4,127.45,70.0,0.0,0.0
210238000.0,2021-09-14 05:45:00,27.90068,-118.339525,13.4,128.2,70.0,0.0,0.0
210238000.0,2021-09-14 05:50:00,27.888035,-118.320625,13.35,125.75,70.0,0.0,0.0
210238000.0,2021-09-14 05:55:00,27.87819,-118.30531,13.25,126.05,70.0,0.0,0.0
210238000.0,2021-09-14 06:00:00,27.86836,-118.29002,13.3,126.1,70.0,0.0,0.0
210238000.0,2021-09-14 06:05:00,27.856315,-118.27135,13.3,125.95,70.0,0.0,0.0
210238000.0,2021-09-14 06:10:00,27.84645,-118.256105,13.35,125.6,70.0,0.0,0.0
210238000.0,2021-09-14 06:15:00,27.83399,-118.23644,13.45,126.35,70.0,0.0,0.0
210238000.0,2021-09-14 06:20:00,27.824305,-118.221385,13.4,125.7,70.0,0.0,0.0
210238000.0,2021-09-14 06:25:00,27.814035,-118.20518,13.2,125.2,70.0,0.0,0.0
210238000.0,2021-09-14 06:30:00,27.801795,-118.185705,13.2,125.0,70.0,0.0,0.0
210238000.0,2021-09-14 06:35:00,27.791885,-118.169895,13.2,125.45,70.0,0.0,0.0
210238000.0,2021-09-14 06:40:00,27.78207,-118.1542,13.0,124.3,70.0,0.0,0.0
210238000.0,2021-09-14 06:45:00,27.770305,-118.135105,13.0,125.15,70.0,0.0,0.0
210238000.0,2021-09-14 06:50:00,27.760945,-118.120195,13.0,124.05,70.0,0.0,0.0
210238000.0,2021-09-14 06:55:00,27.74898,-118.10056,13.0,124.4,70.0,0.0,0.0
210238000.0,2021-09-14 07:00:00,27.74016,-118.085855,13.0,123.4,70.0,0.0,0.0
210238000.0,2021-09-14 07:05:00,27.72953,-118.06782,12.8,123.45,70.0,0.0,0.0
210238000.0,2021-09-14 07:10:00,27.720225,-118.052125,12.9,123.65,70.0,0.0,0.0
210238000.0,2021-09-14 07:15:00,27.71091,-118.036425,13.0,124.55,70.0,0.0,0.0
210238000.0,2021-09-14 07:20:00,27.69961,-118.018075,12.95,124.8,70.0,0.0,0.0
210238000.0,2021-09-14 07:25:00,27.689775,-118.002545,13.05,126.1,70.0,0.0,0.0
210238000.0,2021-09-14 07:30:00,27.67721,-117.98312,13.05,126.5,70.0,0.0,0.0
210238000.0,2021-09-14 07:35:00,27.66691,-117.967225,13.0,126.1,70.0,0.0,0.0
210238000.0,2021-09-14 07:40:00,27.65689,-117.95184,13.1,126.45,70.0,0.0,0.0
210238000.0,2021-09-14 07:45:00,27.646855,-117.936505,13.0,125.85,70.0,0.0,0.0
210238000.0,2021-09-14 07:50:00,27.63453,-117.91744,13.2,126.45,70.0,0.0,0.0
210238000.0,2021-09-14 07:55:00,27.62448,-117.90216,13.15,126.05,70.0,0.0,0.0
210238000.0,2021-09-14 08:00:00,27.6148,-117.886875,13.1,125.3,70.0,0.0,0.0
210238000.0,2021-09-14 08:05:00,27.60247,-117.86767,13.15,125.25,70.0,0.0,0.0
210238000.0,2021-09-14 08:10:00,27.592935,-117.85257,13.05,125.85,70.0,0.0,0.0
210238000.0,2021-09-14 08:15:00,27.58304,-117.837015,13.1,125.5,70.0,0.0,0.0
210238000.0,2021-09-14 08:20:00,27.57088,-117.81764,13.05,125.85,70.0,0.0,0.0
210238000.0,2021-09-14 08:25:00,27.561165,-117.802265,13.15,125.45,70.0,0.0,0.0
210238000.0,2021-09-14 08:30:00,27.549155,-117.78336,13.05,126.05,70.0,0.0,0.0
210238000.0,2021-09-14 08:35:00,27.53958,-117.76833,13.1,126.2,70.0,0.0,0.0
210238000.0,2021-09-14 08:40:00,27.53007,-117.75329,12.85,125.05,70.0,0.0,0.0
210238000.0,2021-09-14 08:45:00,27.518355,-117.734495,12.95,125.0,70.0,0.0,0.0
210238000.0,2021-09-14 08:50:00,27.508665,-117.71899,12.95,124.8,70.0,0.0,0.0
210238000.0,2021-09-14 08:55:00,27.49893,-117.703315,13.0,124.85,70.0,0.0,0.0
210238000.0,2021-09-14 09:00:00,27.87598,-118.30492,13.3,125.35,70.0,0.0,0.0
210238000.0,2021-09-14 09:05:00,27.47686,-117.667835,13.1,124.8,70.0,0.0,0.0
210238000.0,2021-09-14 09:10:00,27.46774,-117.652595,13.0,123.55,70.0,0.0,0.0
210238000.0,2021-09-14 09:15:00,27.4562,-117.63325,13.2,124.25,70.0,0.0,0.0
210238000.0,2021-09-14 09:20:00,27.44706,-117.618605,13.05,126.55,70.0,0.0,0.0
210238000.0,2021-09-14 09:25:00,27.43444,-117.59936,13.2,125.9,70.0,0.0,0.0
210238000.0,2021-09-14 09:30:00,27.426105,-117.586385,13.0,125.8,70.0,0.0,0.0
210238000.0,2021-09-14 09:35:00,27.413645,-117.56675,13.0,125.15,70.0,0.0,0.0
210238000.0,2021-09-14 09:40:00,27.403745,-117.55115,13.25,125.5,70.0,0.0,0.0
210238000.0,2021-09-14 09:45:00,27.3938,-117.535355,13.35,125.0,70.0,0.0,0.0
210238000.0,2021-09-14 09:50:00,27.3817,-117.516085,13.25,124.9,70.0,0.0,0.0
210238000.0,2021-09-14 09:55:00,27.37176,-117.500205,13.2,125.5,70.0,0.0,0.0
210238000.0,2021-09-14 10:00:00,27.362125,-117.484845,13.05,124.65,70.0,0.0,0.0
210238000.0,2021-09-14 10:05:00,27.34984,-117.465665,13.2,126.8,70.0,0.0,0.0
210238000.0,2021-09-14 10:10:00,27.340045,-117.4507,13.2,126.1,70.0,0.0,0.0
210238000.0,2021-09-14 10:15:00,27.329855,-117.435135,13.15,126.4,70.0,0.0,0.0
210238000.0,2021-09-14 10:20:00,27.31805,-117.417005,13.1,126.5,70.0,0.0,0.0
210238000.0,2021-09-14 10:25:00,27.30838,-117.40166,13.05,125.35,70.0,0.0,0.0
210238000.0,2021-09-14 10:30:00,27.29585,-117.3818,13.2,125.85,70.0,0.0,0.0
210238000.0,2021-09-14 10:35:00,27.28661,-117.36737,13.1,125.55,70.0,0.0,0.0
210238000.0,2021-09-14 10:40:00,27.27668,-117.35181,13.2,125.55,70.0,0.0,0.0
210238000.0,2021-09-14 10:45:00,27.26488,-117.333025,13.1,124.85,70.0,0.0,0.0
210238000.0,2021-09-14 10:50:00,27.25538,-117.31781,13.2,125.4,70.0,0.0,0.0
210238000.0,2021-09-14 10:55:00,27.24341,-117.298385,13.1,124.1,70.0,0.0,0.0
210238000.0,2021-09-14 11:00:00,27.234435,-117.28421,13.2,125.75,70.0,0.0,0.0
210238000.0,2021-09-14 11:05:00,27.22245,-117.265185,13.2,125.2,70.0,0.0,0.0
210238000.0,2021-09-14 11:10:00,27.21275,-117.24981,13.15,124.95,70.0,0.0,0.0
210238000.0,2021-09-14 11:15:00,27.200585,-117.23097,13.2,125.45,70.0,0.0,0.0
210238000.0,2021-09-14 11:20:00,27.19126,-117.216495,13.15,126.05,70.0,0.0,0.0
210238000.0,2021-09-14 11:25:00,27.17969,-117.19783,13.35,124.75,70.0,0.0,0.0
210238000.0,2021-09-14 11:30:00,27.17055,-117.1829,13.35,124.35,70.0,0.0,0.0
210238000.0,2021-09-14 11:35:00,27.158365,-117.16304,13.15,124.65,70.0,0.0,0.0
210238000.0,2021-09-14 11:40:00,27.148515,-117.14719,13.25,124.85,70.0,0.0,0.0
210238000.0,2021-09-14 11:45:00,27.13908,-117.131815,13.3,124.25,70.0,0.0,0.0
210238000.0,2021-09-14 11:50:00,27.127215,-117.11227,13.4,124.15,70.0,0.0,0.0
210238000.0,2021-09-14 11:55:00,27.11729,-117.09626,13.35,125.3,70.0,0.0,0.0
210238000.0,2021-09-14 12:00:00,27.10735,-117.08058,13.35,125.15,70.0,0.0,0.0
210238000.0,2021-09-14 12:05:00,27.094725,-117.06075,13.55,126.0,70.0,0.0,0.0
210238000.0,2021-09-14 12:10:00,27.084465,-117.044665,13.6,124.95,70.0,0.0,0.0
210238000.0,2021-09-14 12:15:00,27.074195,-117.028645,13.55,126.05,70.0,0.0,0.0
210238000.0,2021-09-14 12:20:00,27.06166,-117.00956,13.6,126.2,70.0,0.0,0.0
210238000.0,2021-09-14 12:25:00,27.05174,-116.99458,13.5,126.8,70.0,0.0,0.0
210238000.0,2021-09-14 12:30:00,27.038575,-116.97479,13.6,126.3,70.0,0.0,0.0
210238000.0,2021-09-14 12:35:00,27.02862,-116.959265,13.4,124.15,70.0,0.0,0.0
210238000.0,2021-09-14 12:40:00,27.018305,-116.942905,13.4,124.45,70.0,0.0,0.0
210238000.0,2021-09-14 12:45:00,27.006555,-116.923985,13.4,124.7,70.0,0.0,0.0
210238000.0,2021-09-14 12:50:00,26.996635,-116.90789,13.3,123.45,70.0,0.0,0.0
210238000.0,2021-09-14 12:55:00,26.98712,-116.892385,13.4,124.25,70.0,0.0,0.0
210238000.0,2021-09-14 13:00:00,26.97578,-116.87361,13.35,123.9,70.0,0.0,0.0
210238000.0,2021-09-14 13:05:00,26.964745,-116.85536,13.55,123.85,70.0,0.0,0.0
210238000.0,2021-09-14 13:10:00,26.95521,-116.8393,13.6,123.1,70.0,0.0,0.0
210238000.0,2021-09-14 13:15:00,26.94358,-116.819815,13.4,124.25,70.0,0.0,0.0
210238000.0,2021-09-14 13:20:00,26.93423,-116.80468,13.4,124.6,70.0,0.0,0.0
210238000.0,2021-09-14 13:25:00,26.922035,-116.78583,13.35,126.1,70.0,0.0,0.0
210238000.0,2021-09-14 13:30:00,26.91244,-116.77103,13.3,126.15,70.0,0.0,0.0
210238000.0,2021-09-14 13:35:00,26.90023,-116.75222,13.4,126.15,70.0,0.0,0.0
210238000.0,2021-09-14 13:40:00,26.890715,-116.73768,13.3,126.1,70.0,0.0,0.0
210238000.0,2021-09-14 13:45:00,26.88022,-116.721835,13.25,126.85,70.0,0.0,0.0
210238000.0,2021-09-14 13:50:00,26.867075,-116.70222,13.0,126.3,70.0,0.0,0.0
210238000.0,2021-09-14 13:55:00,26.856985,-116.687225,13.15,127.7,70.0,0.0,0.0
210238000.0,2021-09-14 14:00:00,26.84679,-116.672575,13.2,127.6,70.0,0.0,0.0
210238000.0,2021-09-14 14:05:00,26.833695,-116.653405,13.35,126.9,70.0,0.0,0.0
210238000.0,2021-09-14 14:10:00,26.823295,-116.6379,13.3,126.8,70.0,0.0,0.0
210238000.0,2021-09-14 14:15:00,26.81323,-116.623195,13.3,127.95,70.0,0.0,0.0
210238000.0,2021-09-14 14:20:00,26.800695,-116.604475,13.1,124.95,70.0,0.0,0.0
210238000.0,2021-09-14 14:25:00,26.790865,-116.58895,13.05,124.95,70.0,0.0,0.0
210238000.0,2021-09-14 14:30:00,26.77901,-116.57014,13.05,125.2,70.0,0.0,0.0
210238000.0,2021-09-14 14:35:00,26.769465,-116.55527,13.1,125.9,70.0,0.0,0.0
210238000.0,2021-09-14 14:40:00,26.75998,-116.54026,13.15,124.05,70.0,0.0,0.0
210238000.0,2021-09-14 14:45:00,26.74801,-116.52063,13.15,124.8,70.0,0.0,0.0
210238000.0,2021-09-14 14:50:00,26.73854,-116.504845,13.05,123.9,70.0,0.0,0.0
210238000.0,2021-09-14 14:55:00,26.72908,-116.48909,13.05,124.6,70.0,0.0,0.0
210238000.0,2021-09-14 15:00:00,26.71822,-116.47149,13.0,125.0,70.0,0.0,0.0
210238000.0,2021-09-14 15:05:00,26.70747,-116.45394,13.0,124.95,70.0,0.0,0.0
210238000.0,2021-09-14 15:10:00,26.69791,-116.43831,13.05,124.55,70.0,0.0,0.0
210238000.0,2021-09-14 15:15:00,26.688465,-116.42293,13.05,125.05,70.0,0.0,0.0
210238000.0,2021-09-14 15:20:00,26.676205,-116.402905,13.1,124.2,70.0,0.0,0.0
210238000.0,2021-09-14 15:25:00,26.666855,-116.387615,13.0,124.55,70.0,0.0,0.0
210238000.0,2021-09-14 15:30:00,26.657295,-116.371925,13.0,124.95,70.0,0.0,0.0
210238000.0,2021-09-14 15:35:00,26.64542,-116.352425,13.0,124.3,70.0,0.0,0.0
210238000.0,2021-09-14 15:40:00,26.63624,-116.33726,13.1,123.65,70.0,0.0,0.0
210238000.0,2021-09-14 15:45:00,26.626625,-116.321495,13.15,123.75,70.0,0.0,0.0
210238000.0,2021-09-14 15:50:00,26.61646,-116.305305,13.15,128.15,70.0,0.0,0.0
210238000.0,2021-09-14 15:55:00,26.603505,-116.286895,13.25,128.0,70.0,0.0,0.0
210238000.0,2021-09-14 16:00:00,26.593305,-116.27241,13.2,128.35,70.0,0.0,0.0
210238000.0,2021-09-14 16:05:00,26.581225,-116.254295,13.15,126.1,70.0,0.0,0.0
210238000.0,2021-09-14 16:10:00,26.571535,-116.23936,13.25,126.1,70.0,0.0,0.0
210238000.0,2021-09-14 16:15:00,26.55939,-116.22054,13.15,125.75,70.0,0.0,0.0
210238000.0,2021-09-14 16:20:00,26.549675,-116.205605,13.15,126.65,70.0,0.0,0.0
210238000.0,2021-09-14 16:25:00,26.53742,-116.18694,13.15,126.1,70.0,0.0,0.0
210238000.0,2021-09-14 16:30:00,26.527665,-116.17222,13.05,125.8,70.0,0.0,0.0
210238000.0,2021-09-14 16:35:00,26.517965,-116.157555,13.1,126.8,70.0,0.0,0.0
210238000.0,2021-09-14 16:40:00,26.50552,-116.13915,13.05,127.25,70.0,0.0,0.0
210238000.0,2021-09-14 16:45:00,26.49554,-116.12446,13.1,127.05,70.0,0.0,0.0
210238000.0,2021-09-14 16:50:00,26.48347,-116.106555,13.1,126.7,70.0,0.0,0.0
210238000.0,2021-09-14 16:55:00,26.47239,-116.090125,13.25,127.45,70.0,0.0,0.0
210238000.0,2021-09-14 17:00:00,26.462135,-116.075035,13.3,127.15,70.0,0.0,0.0
210238000.0,2021-09-14 17:05:00,26.449915,-116.05725,13.3,126.95,70.0,0.0,0.0
210238000.0,2021-09-14 17:10:00,26.43948,-116.04191,13.25,126.95,70.0,0.0,0.0
210238000.0,2021-09-14 17:15:00,26.4268,-116.02343,13.15,127.7,70.0,0.0,0.0
210238000.0,2021-09-14 17:20:00,26.417025,-116.0094,13.15,127.4,70.0,0.0,0.0
210238000.0,2021-09-14 17:25:00,26.405775,-115.993225,13.2,127.45,70.0,0.0,0.0
210238000.0,2021-09-14 17:30:00,26.393155,-115.975255,13.3,128.4,70.0,0.0,0.0
210238000.0,2021-09-14 17:35:00,26.382755,-115.960365,13.15,126.95,70.0,0.0,0.0
210238000.0,2021-09-14 17:40:00,26.371375,-115.94615,13.25,140.0,70.0,0.0,0.0
210238000.0,2021-09-14 17:45:00,26.355515,-115.931105,13.15,139.2,70.0,0.0,0.0
210238000.0,2021-09-14 17:50:00,26.34235,-115.91859,13.35,139.4,70.0,0.0,0.0
210238000.0,2021-09-14 17:55:00,26.32955,-115.906515,13.35,139.5,70.0,0.0,0.0
210238000.0,2021-09-14 18:00:00,26.314215,-115.89243,13.3,141.35,70.0,0.0,0.0
210238000.0,2021-09-14 18:05:00,26.29826,-115.878085,13.4,140.6,70.0,0.0,0.0
210238000.0,2021-09-14 18:10:00,26.284085,-115.865415,13.6,141.15,70.0,0.0,0.0
210238000.0,2021-09-14 18:15:00,26.27135,-115.854165,13.4,141.7,70.0,0.0,0.0
210238000.0,2021-09-14 18:20:00,26.253825,-115.83882,13.35,141.8,70.0,0.0,0.0
210238000.0,2021-09-14 18:25:00,26.240945,-115.827525,13.2,141.45,70.0,0.0,0.0
210238000.0,2021-09-14 18:30:00,26.22722,-115.815355,13.25,140.95,70.0,0.0,0.0
210238000.0,2021-09-14 18:35:00,26.21107,-115.80072,13.2,141.25,70.0,0.0,0.0
210238000.0,2021-09-14 18:40:00,26.197345,-115.789585,13.5,144.75,70.0,0.0,0.0
210238000.0,2021-09-14 18:45:00,26.18243,-115.77788,13.25,144.15,70.0,0.0,0.0
210238000.0,2021-09-14 18:50:00,26.167975,-115.76653,13.35,144.7,70.0,0.0,0.0
210238000.0,2021-09-14 18:55:00,26.15148,-115.7536,13.3,144.4,70.0,0.0,0.0
210238000.0,2021-09-14 19:00:00,26.13752,-115.74275,13.35,144.55,70.0,0.0,0.0
210238000.0,2021-09-14 19:05:00,26.119435,-115.72872,13.4,144.95,70.0,0.0,0.0
210238000.0,2021-09-14 19:10:00,26.105135,-115.717685,13.3,145.05,70.0,0.0,0.0
210238000.0,2021-09-14 19:15:00,26.09113,-115.70641,13.3,142.75,70.0,0.0,0.0
210238000.0,2021-09-14 19:20:00,26.07475,-115.6928,13.35,143.5,70.0,0.0,0.0
210238000.0,2021-09-14 19:25:00,26.06092,-115.681125,13.3,142.5,70.0,0.0,0.0
210238000.0,2021-09-14 19:30:00,26.04747,-115.669935,13.35,143.15,70.0,0.0,0.0
210238000.0,2021-09-14 19:35:00,26.02978,-115.65544,13.6,143.6,70.0,0.0,0.0
210238000.0,2021-09-14 19:40:00,26.015045,-115.643275,13.5,143.15,70.0,0.0,0.0
210238000.0,2021-09-14 19:45:00,26.00165,-115.63225,13.6,143.45,70.0,0.0,0.0
210238000.0,2021-09-14 19:50:00,25.9838,-115.61759,13.35,143.15,70.0,0.0,0.0
210238000.0,2021-09-14 19:55:00,25.97031,-115.60639,13.4,143.15,70.0,0.0,0.0
210238000.0,2021-09-14 20:00:00,25.956195,-115.594885,13.5,143.2,70.0,0.0,0.0
210238000.0,2021-09-14 20:05:00,25.938775,-115.580635,13.65,143.95,70.0,0.0,0.0
210238000.0,2021-09-14 20:10:00,25.92432,-115.56876,13.65,142.9,70.0,0.0,0.0
210238000.0,2021-09-14 20:15:00,25.91038,-115.557215,13.7,143.05,70.0,0.0,0.0
210238000.0,2021-09-14 20:20:00,25.89273,-115.542475,13.5,141.85,70.0,0.0,0.0
210238000.0,2021-09-14 20:25:00,25.87893,-115.53052,13.4,142.35,70.0,0.0,0.0
210238000.0,2021-09-14 20:30:00,25.86508,-115.51852,13.5,142.15,70.0,0.0,0.0
210238000.0,2021-09-14 20:35:00,25.851295,-115.506515,13.55,141.65,70.0,0.0,0.0
210238000.0,2021-09-14 20:40:00,25.83383,-115.491645,13.6,143.9,70.0,0.0,0.0
210238000.0,2021-09-14 20:45:00,25.819655,-115.47997,13.5,143.25,70.0,0.0,0.0
210238000.0,2021-09-14 20:50:00,25.8054,-115.468355,13.65,143.85,70.0,0.0,0.0
210238000.0,2021-09-14 20:55:00,25.78761,-115.45409,13.8,144.55,70.0,0.0,0.0
210238000.0,2021-09-14 21:00:00,25.774205,-115.443435,13.65,144.4,70.0,0.0,0.0
210238000.0,2021-09-14 21:05:00,25.756895,-115.42948,13.75,143.9,70.0,0.0,0.0
210238000.0,2021-09-14 21:10:00,25.742655,-115.4176,13.7,142.35,70.0,0.0,0.0
210238000.0,2021-09-14 21:15:00,25.72839,-115.40565,13.7,143.35,70.0,0.0,0.0
210238000.0,2021-09-14 21:20:00,25.710485,-115.390895,13.75,143.25,70.0,0.0,0.0
210238000.0,2021-09-14 21:25:00,25.69554,-115.378645,13.85,143.6,70.0,0.0,0.0
210238000.0,2021-09-14 21:30:00,25.681895,-115.367635,13.85,144.15,70.0,0.0,0.0
210238000.0,2021-09-14 21:35:00,25.66459,-115.35378,13.85,143.9,70.0,0.0,0.0
210238000.0,2021-09-14 21:40:00,25.65085,-115.34285,13.85,144.2,70.0,0.0,0.0
210238000.0,2021-09-14 21:45:00,25.63313,-115.32867,13.8,144.15,70.0,0.0,0.0
210238000.0,2021-09-14 21:50:00,25.61899,-115.317355,13.8,143.95,70.0,0.0,0.0
210238000.0,2021-09-14 21:55:00,25.60094,-115.30279,13.7,142.95,70.0,0.0,0.0
210238000.0,2021-09-14 22:00:00,25.58692,-115.29122,13.75,143.0,70.0,0.0,0.0
210238000.0,2021-09-14 22:05:00,25.573325,-115.28004,13.8,143.85,70.0,0.0,0.0
210238000.0,2021-09-14 22:10:00,25.555255,-115.26525,13.75,143.2,70.0,0.0,0.0
210238000.0,2021-09-14 22:15:00,25.539815,-115.252615,13.65,143.35,70.0,0.0,0.0
210238000.0,2021-09-14 22:20:00,25.52561,-115.24096,13.55,143.3,70.0,0.0,0.0
210238000.0,2021-09-14 22:25:00,25.51158,-115.229305,13.4,142.8,70.0,0.0,0.0
210238000.0,2021-09-14 22:30:00,25.49359,-115.214875,13.5,143.95,70.0,0.0,0.0
210238000.0,2021-09-14 22:35:00,25.481655,-115.20527,13.5,144.1,70.0,0.0,0.0
210238000.0,2021-09-14 22:40:00,25.463895,-115.19102,13.5,143.7,70.0,0.0,0.0
210238000.0,2021-09-14 22:45:00,25.44819,-115.17844,13.45,143.95,70.0,0.0,0.0
210238000.0,2021-09-14 22:50:00,25.43406,-115.16714,13.45,143.65,70.0,0.0,0.0
210238000.0,2021-09-14 22:55:00,25.419745,-115.15562,13.3,143.9,70.0,0.0,0.0
210238000.0,2021-09-14 23:00:00,25.40541,-115.144325,13.55,143.9,70.0,0.0,0.0
210238000.0,2021-09-14 23:05:00,25.39049,-115.13231,13.4,143.7,70.0,0.0,0.0
210238000.0,2021-09-14 23:10:00,25.372,-115.1174,13.5,143.75,70.0,0.0,0.0
210238000.0,2021-09-14 23:15:00,25.35753,-115.10582,13.55,144.15,70.0,0.0,0.0
210238000.0,2021-09-14 23:20:00,25.34274,-115.094115,13.45,144.7,70.0,0.0,0.0
210238000.0,2021-09-14 23:25:00,25.32853,-115.08284,13.4,144.1,70.0,0.0,0.0
210238000.0,2021-09-14 23:30:00,25.31367,-115.07094,13.4,143.7,70.0,0.0,0.0
210238000.0,2021-09-14 23:35:00,25.29935,-115.05923,13.55,143.15,70.0,0.0,0.0
210238000.0,2021-09-14 23:40:00,25.281385,-115.044555,13.6,143.35,70.0,0.0,0.0
210238000.0,2021-09-14 23:45:00,25.266685,-115.03246,13.65,143.05,70.0,0.0,0.0
210238000.0,2021-09-14 23:50:00,25.251195,-115.019925,13.5,143.4,70.0,0.0,0.0
210238000.0,2021-09-14 23:55:00,25.236085,-115.007725,13.55,143.65,70.0,0.0,0.0
210238000.0,2021-09-15 00:00:00,25.222405,-114.996705,13.45,144.25,70.0,0.0,0.0
210238000.0,2021-09-15 00:05:00,25.208195,-114.98536,13.5,144.55,70.0,0.0,0.0
210238000.0,2021-09-15 00:10:00,25.19268,-114.973155,13.4,144.9,70.0,0.0,0.0
210238000.0,2021-09-15 00:15:00,25.174865,-114.95903,13.55,144.25,70.0,0.0,0.0
210238000.0,2021-09-15 00:20:00,25.15935,-114.946705,13.5,143.9,70.0,0.0,0.0
210238000.0,2021-09-15 00:25:00,25.14516,-114.93539,13.45,144.15,70.0,0.0,0.0
210238000.0,2021-09-15 00:30:00,25.130625,-114.923465,13.4,143.1,70.0,0.0,0.0
210238000.0,2021-09-15 00:35:00,25.116805,-114.91201,13.45,142.65,70.0,0.0,0.0
210238000.0,2021-09-15 00:40:00,25.099365,-114.897405,13.5,143.25,70.0,0.0,0.0
210238000.0,2021-09-15 00:45:00,25.08575,-114.886085,13.45,142.8,70.0,0.0,0.0
210238000.0,2021-09-15 00:50:00,25.070885,-114.87371,13.35,142.3,70.0,0.0,0.0
210238000.0,2021-09-15 00:55:00,25.0546,-114.860115,13.35,142.9,70.0,0.0,0.0
210238000.0,2021-09-15 01:00:00,25.0419,-114.849625,13.4,143.75,70.0,0.0,0.0
210238000.0,2021-09-15 01:05:00,25.025015,-114.83598,13.55,143.7,70.0,0.0,0.0
210238000.0,2021-09-15 01:10:00,25.010615,-114.824475,13.4,143.95,70.0,0.0,0.0
210238000.0,2021-09-15 01:15:00,24.997575,-114.81364,13.2,141.85,70.0,0.0,0.0
210238000.0,2021-09-15 01:20:00,24.97991,-114.79892,13.2,142.7,70.0,0.0,0.0
210238000.0,2021-09-15 01:25:00,24.966395,-114.787535,13.05,142.65,70.0,0.0,0.0
210238000.0,2021-09-15 01:30:00,24.95319,-114.77663,13.15,143.55,70.0,0.0,0.0
210238000.0,2021-09-15 01:35:00,24.939225,-114.76524,13.2,143.5,70.0,0.0,0.0
210238000.0,2021-09-15 01:40:00,24.92272,-114.75185,13.05,143.6,70.0,0.0,0.0
210238000.0,2021-09-15 01:45:00,24.90903,-114.7407,13.2,143.65,70.0,0.0,0.0
210238000.0,2021-09-15 01:50:00,24.894645,-114.72921,13.1,144.15,70.0,0.0,0.0
210238000.0,2021-09-15 01:55:00,24.87731,-114.715435,13.05,144.35,70.0,0.0,0.0
210238000.0,2021-09-15 02:00:00,24.86401,-114.70486,13.15,144.15,70.0,0.0,0.0
210238000.0,2021-09-15 02:05:00,24.848195,-114.692185,13.1,143.7,70.0,0.0,0.0
210238000.0,2021-09-15 02:10:00,24.832175,-114.67933,13.2,143.7,70.0,0.0,0.0
210238000.0,2021-09-15 02:15:00,24.818215,-114.668005,13.1,143.3,70.0,0.0,0.0
210238000.0,2021-09-15 02:20:00,24.804635,-114.657175,13.1,143.5,70.0,0.0,0.0
210238000.0,2021-09-15 02:25:00,24.79082,-114.646045,13.05,143.6,70.0,0.0,0.0
210238000.0,2021-09-15 02:30:00,24.776395,-114.63443,13.0,143.6,70.0,0.0,0.0
210238000.0,2021-09-15 02:35:00,24.75877,-114.62017,13.1,142.3,70.0,0.0,0.0
210238000.0,2021-09-15 02:40:00,24.74533,-114.60873,13.15,141.75,70.0,0.0,0.0
210238000.0,2021-09-15 02:45:00,24.730105,-114.59574,13.2,142.8,70.0,0.0,0.0
210238000.0,2021-09-15 02:50:00,24.71779,-114.58576,13.15,144.5,70.0,0.0,0.0
210238000.0,2021-09-15 02:55:00,24.700015,-114.571815,13.0,144.35,70.0,0.0,0.0
210238000.0,2021-09-15 03:00:00,24.68849,-114.562595,13.15,143.5,70.0,0.0,0.0
210238000.0,2021-09-15 03:05:00,24.67027,-114.54777,13.15,143.35,70.0,0.0,0.0
210238000.0,2021-09-15 03:10:00,24.65737,-114.53715,13.05,143.5,70.0,0.0,0.0
210238000.0,2021-09-15 03:15:00,24.642475,-114.525445,13.2,144.7,70.0,0.0,0.0
210238000.0,2021-09-15 03:20:00,24.62734,-114.513605,13.35,144.5,70.0,0.0,0.0
210238000.0,2021-09-15 03:25:00,24.6124,-114.501785,13.4,143.95,70.0,0.0,0.0
210238000.0,2021-09-15 03:30:00,24.59884,-114.49095,13.4,143.95,70.0,0.0,0.0
210238000.0,2021-09-15 03:35:00,24.580355,-114.476285,13.6,144.1,70.0,0.0,0.0
210238000.0,2021-09-15 03:40:00,24.567935,-114.4664,13.5,143.95,70.0,0.0,0.0
210238000.0,2021-09-15 03:45:00,24.553165,-114.454485,13.65,143.55,70.0,0.0,0.0
210238000.0,2021-09-15 03:50:00,24.53598,-114.44053,13.45,142.7,70.0,0.0,0.0
210238000.0,2021-09-15 03:55:00,24.521275,-114.42835,13.4,143.4,70.0,0.0,0.0
210238000.0,2021-09-15 04:00:00,24.50713,-114.416675,13.35,142.9,70.0,0.0,0.0
210238000.0,2021-09-15 04:05:00,24.49317,-114.40515,13.45,143.0,70.0,0.0,0.0
210238000.0,2021-09-15 04:10:00,24.47711,-114.39184,13.6,142.85,70.0,0.0,0.0
210238000.0,2021-09-15 04:15:00,24.461965,-114.379305,13.55,142.5,70.0,0.0,0.0
210238000.0,2021-09-15 04:20:00,24.447435,-114.367345,13.5,143.25,70.0,0.0,0.0
210238000.0,2021-09-15 04:25:00,24.432815,-114.35527,13.55,142.65,70.0,0.0,0.0
210238000.0,2021-09-15 04:30:00,24.414795,-114.34028,13.45,142.95,70.0,0.0,0.0
210238000.0,2021-09-15 04:35:00,24.4008,-114.328595,13.55,142.65,70.0,0.0,0.0
210238000.0,2021-09-15 04:40:00,24.3857,-114.31627,13.55,144.35,70.0,0.0,0.0
210238000.0,2021-09-15 04:45:00,24.37133,-114.30509,13.55,144.65,70.0,0.0,0.0
210238000.0,2021-09-15 04:50:00,24.35739,-114.294,13.35,143.4,70.0,0.0,0.0
210238000.0,2021-09-15 04:55:00,24.338875,-114.279375,13.55,143.75,70.0,0.0,0.0
210238000.0,2021-09-15 05:00:00,24.32686,-114.269925,13.6,143.8,70.0,0.0,0.0
210238000.0,2021-09-15 05:05:00,24.30924,-114.25579,13.55,143.5,70.0,0.0,0.0
210238000.0,2021-09-15 05:10:00,24.29529,-114.244565,13.6,143.7,70.0,0.0,0.0
210238000.0,2021-09-15 05:15:00,24.278235,-114.230685,13.6,143.55,70.0,0.0,0.0
210238000.0,2021-09-15 05:20:00,24.262705,-114.218075,13.6,143.0,70.0,0.0,0.0
210238000.0,2021-09-15 05:25:00,24.247925,-114.20613,13.65,145.2,70.0,0.0,0.0
210238000.0,2021-09-15 05:30:00,24.23547,-114.1961,13.55,142.65,70.0,0.0,0.0
210238000.0,2021-09-15 05:35:00,24.218195,-114.181865,13.5,142.9,70.0,0.0,0.0
210238000.0,2021-09-15 05:40:00,24.20149,-114.16819,13.6,143.4,70.0,0.0,0.0
210238000.0,2021-09-15 05:45:00,24.18913,-114.158125,13.6,143.5,70.0,0.0,0.0
210238000.0,2021-09-15 05:50:00,24.173765,-114.14648,13.7,146.05,70.0,0.0,0.0
210238000.0,2021-09-15 05:55:00,24.156895,-114.13372,13.8,144.8,70.0,0.0,0.0
210238000.0,2021-09-15 06:00:00,24.14201,-114.12182,13.7,143.35,70.0,0.0,0.0
210238000.0,2021-09-15 06:05:00,24.124875,-114.107995,13.75,143.6,70.0,0.0,0.0
210238000.0,2021-09-15 06:10:00,24.107585,-114.09407,13.85,143.45,70.0,0.0,0.0
210238000.0,2021-09-15 06:15:00,24.09369,-114.08283,13.8,143.35,70.0,0.0,0.0
210238000.0,2021-09-15 06:20:00,24.081975,-114.073495,13.75,143.65,70.0,0.0,0.0
210238000.0,2021-09-15 06:25:00,24.062765,-114.058015,13.7,143.6,70.0,0.0,0.0
210238000.0,2021-09-15 06:30:00,24.047905,-114.046065,13.65,143.7,70.0,0.0,0.0
210238000.0,2021-09-15 06:35:00,24.03276,-114.03399,13.75,143.5,70.0,0.0,0.0
210238000.0,2021-09-15 06:40:00,24.018375,-114.02248,13.7,144.05,70.0,0.0,0.0
210238000.0,2021-09-15 06:45:00,24.00363,-114.010805,13.7,144.25,70.0,0.0,0.0
210238000.0,2021-09-15 06:50:00,23.985135,-113.996295,13.85,144.3,70.0,0.0,0.0
210238000.0,2021-09-15 06:55:00,23.971685,-113.985715,13.85,144.7,70.0,0.0,0.0
210238000.0,2021-09-15 07:00:00,23.95577,-113.97318,13.95,144.25,70.0,0.0,0.0
210238000.0,2021-09-15 07:05:00,23.93973,-113.960415,13.8,144.4,70.0,0.0,0.0
210238000.0,2021-09-15 07:10:00,23.92288,-113.946975,13.85,143.8,70.0,0.0,0.0
210238000.0,2021-09-15 07:15:00,23.908135,-113.93528,13.85,143.7,70.0,0.0,0.0
210238000.0,2021-09-15 07:20:00,23.894165,-113.924105,13.8,143.15,70.0,0.0,0.0
210238000.0,2021-09-15 07:25:00,23.87661,-113.90976,13.8,143.1,70.0,0.0,0.0
210238000.0,2021-09-15 07:30:00,23.863445,-113.899135,13.95,143.25,70.0,0.0,0.0
210238000.0,2021-09-15 07:35:00,23.84541,-113.884515,13.9,143.6,70.0,0.0,0.0
210238000.0,2021-09-15 07:40:00,23.831255,-113.87328,14.0,143.7,70.0,0.0,0.0
210238000.0,2021-09-15 07:45:00,23.813755,-113.859485,13.9,144.1,70.0,0.0,0.0
210238000.0,2021-09-15 07:50:00,23.800085,-113.84884,13.85,144.75,70.0,0.0,0.0
210238000.0,2021-09-15 07:55:00,23.782435,-113.83499,13.85,142.6,70.0,0.0,0.0
210238000.0,2021-09-15 08:00:00,23.76895,-113.823755,14.0,142.85,70.0,0.0,0.0
210238000.0,2021-09-15 08:05:00,23.75245,-113.81044,14.1,143.8,70.0,0.0,0.0
210238000.0,2021-09-15 08:10:00,23.735015,-113.79639,13.95,143.95,70.0,0.0,0.0
210238000.0,2021-09-15 08:15:00,23.72092,-113.785105,13.9,144.0,70.0,0.0,0.0
210238000.0,2021-09-15 08:20:00,23.7041,-113.77167,13.8,143.95,70.0,0.0,0.0
210238000.0,2021-09-15 08:25:00,23.68935,-113.759885,13.75,143.45,70.0,0.0,0.0
210238000.0,2021-09-15 08:30:00,23.67387,-113.74753,13.75,144.55,70.0,0.0,0.0
210238000.0,2021-09-15 08:35:00,23.65897,-113.73581,13.85,143.95,70.0,0.0,0.0
210238000.0,2021-09-15 08:40:00,23.643655,-113.72376,13.85,144.2,70.0,0.0,0.0
210238000.0,2021-09-15 08:45:00,23.625935,-113.70953,13.85,143.35,70.0,0.0,0.0
210238000.0,2021-09-15 08:50:00,23.61051,-113.69724,13.75,143.8,70.0,0.0,0.0
210238000.0,2021-09-15 08:55:00,23.597585,-113.68689,13.75,144.05,70.0,0.0,0.0
210238000.0,2021-09-15 09:00:00,23.58111,-113.673695,13.8,144.0,70.0,0.0,0.0
210238000.0,2021-09-15 09:05:00,23.56527,-113.660935,13.8,143.15,70.0,0.0,0.0
210238000.0,2021-09-15 09:10:00,23.55066,-113.64911,13.75,144.2,70.0,0.0,0.0
210238000.0,2021-09-15 09:15:00,23.533335,-113.63504,13.7,143.25,70.0,0.0,0.0
210238000.0,2021-09-15 09:20:00,23.518035,-113.62163,13.65,135.75,70.0,0.0,0.0
210238000.0,2021-09-15 09:25:00,23.507335,-113.607665,13.6,128.8,70.0,0.0,0.0
210238000.0,2021-09-15 09:30:00,23.49574,-113.59134,13.6,127.85,70.0,0.0,0.0
210238000.0,2021-09-15 09:35:00,23.48336,-113.57341,13.65,126.25,70.0,0.0,0.0
210238000.0,2021-09-15 09:40:00,23.47438,-113.560195,13.65,126.3,70.0,0.0,0.0
210238000.0,2021-09-15 09:45:00,23.46345,-113.54398,13.3,126.4,70.0,0.0,0.0
210238000.0,2021-09-15 09:50:00,23.452075,-113.52682,13.25,125.7,70.0,0.0,0.0
210238000.0,2021-09-15 09:55:00,23.44077,-113.509465,13.4,125.0,70.0,0.0,0.0
210238000.0,2021-09-15 10:00:00,23.43029,-113.494595,13.5,128.55,70.0,0.0,0.0
210238000.0,2021-09-15 10:05:00,23.418145,-113.477225,13.45,126.25,70.0,0.0,0.0
210238000.0,2021-09-15 10:10:00,23.407515,-113.46196,13.55,127.9,70.0,0.0,0.0
210238000.0,2021-09-15 10:15:00,23.39358,-113.442235,13.6,127.15,70.0,0.0,0.0
210238000.0,2021-09-15 10:20:00,23.385035,-113.42994,13.55,126.7,70.0,0.0,0.0
210238000.0,2021-09-15 10:25:00,23.371235,-113.41034,13.55,127.4,70.0,0.0,0.0
210238000.0,2021-09-15 10:30:00,23.36028,-113.394565,13.6,127.15,70.0,0.0,0.0
210238000.0,2021-09-15 10:35:00,23.34999,-113.379835,13.65,127.25,70.0,0.0,0.0
210238000.0,2021-09-15 10:40:00,23.338155,-113.363005,13.5,127.7,70.0,0.0,0.0
210238000.0,2021-09-15 10:45:00,23.325875,-113.34577,13.5,127.55,70.0,0.0,0.0
210238000.0,2021-09-15 10:50:00,23.313825,-113.32864,13.55,127.1,70.0,0.0,0.0
210238000.0,2021-09-15 10:55:00,23.302715,-113.31236,13.65,125.35,70.0,0.0,0.0
210238000.0,2021-09-15 11:00:00,23.292515,-113.296985,13.7,125.85,70.0,0.0,0.0
210238000.0,2021-09-15 11:05:00,23.281705,-113.28103,13.7,125.9,70.0,0.0,0.0
210238000.0,2021-09-15 11:10:00,23.270565,-113.26428,13.65,125.75,70.0,0.0,0.0
210238000.0,2021-09-15 11:15:00,23.2582,-113.24567,13.6,125.4,70.0,0.0,0.0
210238000.0,2021-09-15 11:20:00,23.247495,-113.22958,13.5,125.85,70.0,0.0,0.0
210238000.0,2021-09-15 11:25:00,23.23597,-113.21262,13.5,127.35,70.0,0.0,0.0
210238000.0,2021-09-15 11:30:00,23.225045,-113.197115,13.6,127.45,70.0,0.0,0.0
210238000.0,2021-09-15 11:35:00,23.214805,-113.182525,13.3,127.55,70.0,0.0,0.0
210238000.0,2021-09-15 11:40:00,23.2027,-113.16545,13.35,127.75,70.0,0.0,0.0
210238000.0,2021-09-15 11:45:00,23.1929,-113.151825,13.15,127.3,70.0,0.0,0.0
210238000.0,2021-09-15 11:50:00,23.18054,-113.134615,13.0,128.5,70.0,0.0,0.0
210238000.0,2021-09-15 11:55:00,23.169325,-113.11919,13.0,128.5,70.0,0.0,0.0
210238000.0,2021-09-15 12:00:00,23.15836,-113.10398,13.0,128.3,70.0,0.0,0.0
210238000.0,2021-09-15 12:05:00,23.146165,-113.08688,12.95,126.45,70.0,0.0,0.0
210238000.0,2021-09-15 12:10:00,23.13607,-113.07175,13.0,125.85,70.0,0.0,0.0
210238000.0,2021-09-15 12:15:00,23.125595,-113.056,13.0,125.85,70.0,0.0,0.0
210238000.0,2021-09-15 12:20:00,23.113365,-113.037565,13.1,126.0,70.0,0.0,0.0
210238000.0,2021-09-15 12:25:00,23.103335,-113.022525,13.15,126.2,70.0,0.0,0.0
210238000.0,2021-09-15 12:30:00,23.091805,-113.00526,13.25,125.8,70.0,0.0,0.0
210238000.0,2021-09-15 12:35:00,23.081395,-112.989565,13.3,125.6,70.0,0.0,0.0
210238000.0,2021-09-15 12:40:00,23.07238,-112.97594,13.3,125.65,70.0,0.0,0.0
210238000.0,2021-09-15 12:45:00,23.061025,-112.959405,13.2,126.35,70.0,0.0,0.0
210238000.0,2021-09-15 12:50:00,23.049965,-112.94328,13.25,126.0,70.0,0.0,0.0
210238000.0,2021-09-15 12:55:00,23.03935,-112.92772,13.3,126.7,70.0,0.0,0.0
210238000.0,2021-09-15 13:00:00,23.026995,-112.909715,13.25,127.05,70.0,0.0,0.0
210238000.0,2021-09-15 13:05:00,23.01728,-112.895485,13.3,125.75,70.0,0.0,0.0
210238000.0,2021-09-15 13:10:00,23.00516,-112.87723,13.25,125.7,70.0,0.0,0.0
210238000.0,2021-09-15 13:15:00,22.994285,-112.860635,13.3,125.65,70.0,0.0,0.0
210238000.0,2021-09-15 13:20:00,22.984135,-112.845505,13.25,126.2,70.0,0.0,0.0
210238000.0,2021-09-15 13:25:00,22.97344,-112.82966,13.25,125.5,70.0,0.0,0.0
210238000.0,2021-09-15 13:30:00,22.960665,-112.81117,13.25,126.9,70.0,0.0,0.0
210238000.0,2021-09-15 13:35:00,22.95174,-112.79836,13.2,127.15,70.0,0.0,0.0
210238000.0,2021-09-15 13:40:00,22.937985,-112.778955,13.3,127.65,70.0,0.0,0.0
210238000.0,2021-09-15 13:45:00,22.92856,-112.765655,13.4,127.35,70.0,0.0,0.0
210238000.0,2021-09-15 13:50:00,22.91715,-112.749575,13.35,127.35,70.0,0.0,0.0
210238000.0,2021-09-15 13:55:00,22.906345,-112.73429,13.5,127.1,70.0,0.0,0.0
210238000.0,2021-09-15 14:00:00,22.89319,-112.715695,13.45,127.4,70.0,0.0,0.0
210238000.0,2021-09-15 14:05:00,22.883035,-112.70146,13.55,127.85,70.0,0.0,0.0
210238000.0,2021-09-15 14:10:00,22.87064,-112.684055,13.45,127.6,70.0,0.0,0.0
210238000.0,2021-09-15 14:15:00,22.86051,-112.669915,13.4,127.25,70.0,0.0,0.0
210238000.0,2021-09-15 14:20:00,22.84794,-112.65153,13.25,127.0,70.0,0.0,0.0
210238000.0,2021-09-15 14:25:00,22.836765,-112.6352,13.25,126.5,70.0,0.0,0.0
210238000.0,2021-09-15 14:30:00,22.82626,-112.619965,13.3,127.25,70.0,0.0,0.0
210238000.0,2021-09-15 14:35:00,22.814595,-112.603035,13.35,127.75,70.0,0.0,0.0
210238000.0,2021-09-15 14:40:00,22.80377,-112.5879,13.35,127.95,70.0,0.0,0.0
210238000.0,2021-09-15 14:45:00,22.790695,-112.569705,13.25,127.5,70.0,0.0,0.0
210238000.0,2021-09-15 14:50:00,22.781705,-112.557365,13.3,128.3,70.0,0.0,0.0
210238000.0,2021-09-15 14:55:00,22.768855,-112.538905,13.35,126.45,70.0,0.0,0.0
210238000.0,2021-09-15 15:00:00,22.758865,-112.52432,13.35,126.1,70.0,0.0,0.0
210238000.0,2021-09-15 15:05:00,22.748195,-112.50873,13.35,126.05,70.0,0.0,0.0
210238000.0,2021-09-15 15:10:00,22.737165,-112.49254,13.25,125.85,70.0,0.0,0.0
210238000.0,2021-09-15 15:15:00,22.72642,-112.47683,13.35,126.15,70.0,0.0,0.0
210238000.0,2021-09-15 15:20:00,22.713155,-112.457365,13.4,126.7,70.0,0.0,0.0
210238000.0,2021-09-15 15:25:00,22.704395,-112.44455,13.45,126.2,70.0,0.0,0.0
210238000.0,2021-09-15 15:30:00,22.692935,-112.427735,13.45,126.15,70.0,0.0,0.0
210238000.0,2021-09-15 15:35:00,22.679845,-112.408885,13.35,127.15,70.0,0.0,0.0
210238000.0,2021-09-15 15:40:00,22.668145,-112.391875,13.3,126.75,70.0,0.0,0.0
210238000.0,2021-09-15 15:45:00,22.658365,-112.377545,13.5,126.45,70.0,0.0,0.0
210238000.0,2021-09-15 15:50:00,22.645185,-112.35823,13.35,125.45,70.0,0.0,0.0
210238000.0,2021-09-15 15:55:00,22.637735,-112.34714,13.3,126.4,70.0,0.0,0.0
210238000.0,2021-09-15 16:00:00,22.626925,-112.33123,13.3,126.75,70.0,0.0,0.0
210238000.0,2021-09-15 16:05:00,22.613505,-112.31172,13.35,127.1,70.0,0.0,0.0
210238000.0,2021-09-15 16:10:00,22.602335,-112.29575,13.2,126.7,70.0,0.0,0.0
210238000.0,2021-09-15 16:15:00,22.592175,-112.28127,13.15,127.65,70.0,0.0,0.0
210238000.0,2021-09-15 16:20:00,22.580435,-112.264655,13.2,127.85,70.0,0.0,0.0
210238000.0,2021-09-15 16:25:00,22.568805,-112.2484,13.2,127.0,70.0,0.0,0.0
210238000.0,2021-09-15 16:30:00,22.55824,-112.2337,13.15,128.15,70.0,0.0,0.0
210238000.0,2021-09-15 16:35:00,22.54559,-112.216475,13.15,128.5,70.0,0.0,0.0
210238000.0,2021-09-15 16:40:00,22.535495,-112.20288,13.05,128.55,70.0,0.0,0.0
210238000.0,2021-09-15 16:45:00,22.52578,-112.189825,13.15,128.6,70.0,0.0,0.0
210238000.0,2021-09-15 16:50:00,22.51465,-112.174155,13.0,125.35,70.0,0.0,0.0
210238000.0,2021-09-15 16:55:00,22.502805,-112.15633,13.05,125.7,70.0,0.0,0.0
210238000.0,2021-09-15 17:00:00,22.492545,-112.140765,13.15,125.85,70.0,0.0,0.0
210238000.0,2021-09-15 17:05:00,22.482555,-112.125605,12.95,125.0,70.0,0.0,0.0
210238000.0,2021-09-15 17:10:00,22.47031,-112.10666,13.0,124.75,70.0,0.0,0.0
210238000.0,2021-09-15 17:15:00,22.46071,-112.092455,13.0,126.7,70.0,0.0,0.0
210238000.0,2021-09-15 17:20:00,22.449245,-112.07579,12.95,126.85,70.0,0.0,0.0
210238000.0,2021-09-15 17:25:00,22.44034,-112.06275,13.0,126.85,70.0,0.0,0.0
210238000.0,2021-09-15 17:30:00,22.429215,-112.04641,13.1,126.4,70.0,0.0,0.0
210238000.0,2021-09-15 17:35:00,22.41806,-112.03021,13.15,126.85,70.0,0.0,0.0
210238000.0,2021-09-15 17:40:00,22.40763,-112.015125,13.2,126.9,70.0,0.0,0.0
210238000.0,2021-09-15 17:45:00,22.394535,-111.99615,13.15,126.2,70.0,0.0,0.0
210238000.0,2021-09-15 17:50:00,22.3838,-111.98085,13.25,126.85,70.0,0.0,0.0
210238000.0,2021-09-15 17:55:00,22.3729,-111.965255,13.2,126.95,70.0,0.0,0.0
210238000.0,2021-09-15 18:00:00,22.36405,-111.95261,13.2,126.95,70.0,0.0,0.0
210238000.0,2021-09-15 18:05:00,22.350473,-111.93304,13.233333,126.599997,70.0,0.0,0.0
210238000.0,2021-09-15 18:10:00,22.345337,-111.92559,13.266667,126.900003,70.0,0.0,0.0
210238000.0,2021-09-15 18:15:00,22.329925,-111.90353,13.25,127.9,70.0,0.0,0.0
210238000.0,2021-09-15 18:20:00,22.318065,-111.88651,13.3,126.25,70.0,0.0,0.0
210238000.0,2021-09-15 18:25:00,22.308255,-111.872355,13.3,127.5,70.0,0.0,0.0
210238000.0,2021-09-15 18:30:00,22.295725,-111.854485,13.45,126.9,70.0,0.0,0.0
210238000.0,2021-09-15 18:35:00,22.28511,-111.83938,13.55,127.25,70.0,0.0,0.0
210238000.0,2021-09-15 18:40:00,22.27381,-111.82318,13.6,126.5,70.0,0.0,0.0
210238000.0,2021-09-15 18:45:00,22.261335,-111.805205,13.65,126.4,70.0,0.0,0.0
210238000.0,2021-09-15 18:50:00,22.24964,-111.78834,13.6,126.65,70.0,0.0,0.0
210238000.0,2021-09-15 18:55:00,22.237985,-111.771435,13.6,126.2,70.0,0.0,0.0
210238000.0,2021-09-15 19:00:00,22.227755,-111.756335,13.6,126.05,70.0,0.0,0.0
210238000.0,2021-09-15 19:05:00,22.218285,-111.742235,13.65,125.35,70.0,0.0,0.0
210238000.0,2021-09-15 19:10:00,22.206245,-111.72418,13.7,125.85,70.0,0.0,0.0
210238000.0,2021-09-15 19:15:00,22.192945,-111.70447,13.7,126.15,70.0,0.0,0.0
210238000.0,2021-09-15 19:20:00,22.181383,-111.687613,13.733333,126.733333,70.0,0.0,0.0
210238000.0,2021-09-15 19:25:00,22.175327,-111.678757,13.766667,126.666667,70.0,0.0,0.0
210238000.0,2021-09-15 19:30:00,22.156565,-111.652105,13.85,127.65,70.0,0.0,0.0
210238000.0,2021-09-15 19:35:00,22.139358,-111.628175,13.883333,127.133338,70.0,0.0,0.0
210238000.0,2021-09-15 19:40:00,22.130267,-111.6154,13.866667,126.96667,70.0,0.0,0.0
210238000.0,2021-09-15 19:45:00,22.121175,-111.602625,13.85,126.8,70.0,0.0,0.0
210238000.0,2021-09-15 19:50:00,22.112083,-111.58985,13.833333,126.63333,70.0,0.0,0.0
210238000.0,2021-09-15 19:55:00,22.102992,-111.577075,13.816667,126.466662,70.0,0.0,0.0
210238000.0,2021-09-15 20:00:00,22.084385,-111.55081,13.75,126.449999,70.0,0.0,0.0
210238000.0,2021-09-15 20:05:00,22.07487,-111.53732,13.7,126.6,70.0,0.0,0.0
210238000.0,2021-09-15 20:10:00,22.065355,-111.52383,13.65,126.750001,70.0,0.0,0.0
210238000.0,2021-09-15 20:15:00,22.05584,-111.51034,13.6,126.9,70.0,0.0,0.0
